id,name,shortName,tla,crest,address,website,founded,clubColors,venue,lastUpdated
1,1. FC Köln,1. FC Köln,KOE,https://crests.football-data.org/1.png,Franz-Kremer-Allee 1 Köln 50937,http://www.fc-koeln.de,1948.0,Red / White,RheinEnergieSTADION,2022-02-25T16:49:46Z
2,TSG 1899 Hoffenheim,Hoffenheim,TSG,https://crests.football-data.org/2.png,Horrenberger Straße 58 Zuzenhausen 74939,http://www.achtzehn99.de,1921.0,Blue / White,PreZero Arena,2022-02-25T16:49:58Z
3,Bayer 04 Leverkusen,Leverkusen,B04,https://crests.football-data.org/3.png,Bismarckstr. 122-124 Leverkusen 51373,http://www.bayer04.de,1904.0,Red / White / Black,BayArena,2022-02-25T16:43:07Z
4,Borussia Dortmund,Dortmund,BVB,https://crests.football-data.org/4.png,Rheinlanddamm 207-209 Dortmund 44137,http://www.bvb.de,1909.0,Black / Yellow,Signal Iduna Park,2022-02-25T16:50:16Z
5,FC Bayern München,Bayern,FCB,https://crests.football-data.org/5.png,Säbenerstr. 51 München 81547,http://www.fcbayern.de,1900.0,Red / White / Blue,Allianz Arena,2024-07-09T17:26:37Z
6,FC Schalke 04,Schalke,S04,https://crests.football-data.org/6.png,Ernst-Kuzorra-Weg 1 Gelsenkirchen 45891,http://www.schalke04.de,1904.0,Blue / White,Veltins-Arena,2022-11-21T15:12:51Z
7,Hamburger SV,HSV,HSV,https://crests.football-data.org/7.png,Sylvesterallee 7 Hamburg 22525,http://www.hsv.de,1887.0,White / Red / Blue,Volksparkstadion,2023-02-28T07:57:55Z
8,Hannover 96,Hannover,H96,https://crests.football-data.org/8.png,Robert-Enke-Straße 1 Hannover 30169,http://www.hannover96.de,1896.0,Red / Black,HDI-Arena,2023-02-28T07:58:51Z
9,Hertha BSC,Hertha BSC,BSC,https://crests.football-data.org/9.png,"Hanns-Braun-Straße, Friesenhaus II Berlin 14053",http://www.herthabsc.de,1892.0,Blue / White,Olympiastadion Berlin,2023-02-28T07:58:59Z
10,VfB Stuttgart,Stuttgart,VFB,https://crests.football-data.org/10.png,Mercedesstraße 109 Stuttgart 70372,http://www.vfb.de,1893.0,White / Red,Mercedes-Benz Arena,2023-02-28T07:59:06Z
11,VfL Wolfsburg,Wolfsburg,WOB,https://crests.football-data.org/11.png,In den Allerwiesen 1 Wolfsburg 38446,http://www.vfl-wolfsburg.de,1945.0,Green / White,Volkswagen Arena,2024-07-29T17:13:21Z
12,SV Werder Bremen,Bremen,SVW,https://crests.football-data.org/12.png,Franz-Böhmert-Str. 1c Bremen 28205,http://www.werder.de,1899.0,Green / White,Weserstadion,2024-07-29T17:13:29Z
13,1. FC Kaiserslautern,Kaiserslautern,FCK,https://crests.football-data.org/13.png,Fritz-Walter-Straße 1 Kaiserslautern 67663,http://www.fck.de,1900.0,Red / White,Fritz-Walter-Stadion,2022-07-12T12:06:51Z
14,1. FC Nürnberg,Nürnberg,FCN,https://crests.football-data.org/14.png,Valznerweiherstraße 200 Nürnberg 90480,http://www.fcn.de,1900.0,Red / White,Max-Morlock-Stadion,2023-02-28T07:59:27Z
15,1. FSV Mainz 05,Mainz,M05,https://crests.football-data.org/15.png,Dr.-Martin-Luther-King-Weg 20 Mainz 55122,http://www.mainz05.de,1905.0,Red / White,Opel Arena,2023-02-28T07:59:34Z
16,FC Augsburg,Augsburg,FCA,https://crests.football-data.org/16.png,Donauwörther Straße 170 Augsburg 86154,http://www.fcaugsburg.de,1907.0,Red / Green / White,WWK Arena,2023-02-28T07:59:40Z
17,SC Freiburg,Freiburg,SCF,https://crests.football-data.org/17.png,Schwarzwaldstraße 193 Freiburg 79117,http://www.scfreiburg.com,1912.0,Red / White,Schwarzwald-Stadion,2024-07-29T17:13:41Z
18,Borussia Mönchengladbach,M'gladbach,BMG,https://crests.football-data.org/18.png,Hennes-Weisweiler-Allee 1 Mönchengladbach 41179,http://www.borussia.de,1900.0,Black / White / Green,Stadion im Borussia-Park,2023-02-28T07:59:45Z
19,Eintracht Frankfurt,Frankfurt,SGE,https://crests.football-data.org/19.png,Mörfelder Landstraße 362 Frankfurt am Main 60528,http://www.eintracht.de,1899.0,Red / Black,Deutsche Bank Park,2024-07-29T17:13:52Z
20,FC St. Pauli 1910,St. Pauli,STP,https://crests.football-data.org/20.png,Auf dem Heiligengeistfeld Hamburg 20359,http://www.fcstpauli.de,1910.0,Brown / White,Millerntor-Stadion,2022-07-12T12:08:57Z
21,SpVgg Greuther Fürth 1903,Greuther Fürth,FUR,https://crests.football-data.org/21.png,Laubenweg 60 Fürth 90765,http://www.greuther-fuerth.de,1860.0,White / Green,Sportpark Ronhof Thomas Sommer,2024-07-29T17:13:58Z
22,FC Erzgebirge Aue,Erzgebirge Aue,AUE,https://crests.football-data.org/22.png,Lößnitzer Straße 95 Aue 08280,http://www.fc-erzgebirge.de,1946.0,Purple / White,Sparkassen-Erzgebirgsstadion,2022-07-12T12:08:04Z
23,FC Energie Cottbus,Cottbus,FCE,https://upload.wikimedia.org/wikipedia/en/1/12/Fcenergie.png,Am Eliaspark 1 Cottbus 03042,http://www.fcenergie.de,1963.0,Red / White,Stadion der Freundschaft,2024-06-06T12:55:23Z
24,TSV Fortuna 95 Düsseldorf,Düsseldorf,F95,https://crests.football-data.org/24.png,Flinger Broich 87 Düsseldorf 40235,http://www.f95.de,1911.0,Red / White,Merkur Spielarena,2024-07-29T17:14:10Z
25,MSV Duisburg,Duisburg,DUI,https://crests.football-data.org/25.png,Margaretenstraße 5-7 Duisburg 47055,http://www.msv-duisburg.de,1902.0,Blue / White,Schauinsland-Reisen-Arena,2022-07-22T08:46:21Z
26,TSV 1860 München,1860 München,60M,https://crests.football-data.org/26.png,Grünwalder Str. 114 München 81547,http://www.tsv1860.de,1848.0,White / Blue,Städtisches Stadion an der Grünwalder Straße,2022-07-12T12:10:11Z
27,Alemannia Aachen,Aachen,AAC,https://crests.football-data.org/27.png,null Aachen null,http://www.alemannia-aachen.de,1900.0,,Tivoli,2024-12-17T10:58:44Z
28,1. FC Union Berlin,Union Berlin,UNB,https://crests.football-data.org/28.png,An der Wuhlheide 263 Berlin 12555,http://www.fc-union-berlin.de,1906.0,Red / White,Stadion An der Alten Försterei,2024-07-29T17:14:25Z
29,SC Paderborn 07,SC Paderborn,SCP,https://crests.football-data.org/29.png,Paderborner Str. 89 Paderborn 33104,http://www.scpaderborn07.de,1985.0,Black / Blue,Benteler-Arena,2022-07-12T12:09:44Z
30,FSV Frankfurt,FSV Frankfurt,FSV,https://crests.football-data.org/30.png,Am Erlenbruch 1 Frankfurt am Main 60386,http://www.fsv-frankfurt.de,1899.0,Black / Blue,PSD Bank Arena,2022-07-26T10:02:28Z
31,FC Ingolstadt 04,Ingolstadt,ING,https://crests.football-data.org/31.png,Geisenfelder Straße 1 Ingolstadt 85053,http://www.fcingolstadt.de,2004.0,Black / Red,Audi-Sportpark,2022-07-12T12:08:48Z
32,Karlsruher SC,Karlsruhe,KSC,https://crests.football-data.org/32.png,Adenauerring 17 Karlsruhe 76131,http://www.ksc.de,1894.0,Blue / White,Wildparkstadion,2022-07-12T12:09:34Z
33,Eintracht Braunschweig,Braunschweig,BNS,https://crests.football-data.org/33.png,Hamburger Straße 210 Braunschweig 38112,http://www.eintracht.com,1895.0,Yellow / Blue,Eintracht-Stadion,2022-02-25T16:45:49Z
34,FC Hansa Rostock,Hansa Rostock,ROS,https://crests.football-data.org/34.png,Trotzenburger Weg 14 Rostock 18057,http://www.fc-hansa.de,1954.0,White / Blue,Ostseestadion,2022-07-12T12:08:26Z
35,SG Dynamo Dresden,Dynamo Dresden,DYN,https://crests.football-data.org/35.png,Lennéstraße 12 Dresden 01069,http://www.dynamo-dresden.de,1950.0,Black / Yellow,DDV-Stadion,2024-07-29T17:14:31Z
36,VfL Bochum 1848,Bochum,BOC,https://crests.football-data.org/36.png,Castroper Straße 145 Bochum 44791,http://www.vfl-bochum.de,1849.0,Blue / White,Vonovia Ruhrstadion,2022-02-19T08:39:46Z
37,SC Rot-Weiß Oberhausen,Oberhausen,RWO,https://crests.football-data.org/37.png,Rechenacker 62 Oberhausen 46049,http://www.rwo-online.de,1904.0,Red / White,Stadion Niederrhein,2023-02-28T08:00:16Z
38,Arminia Bielefeld,Bielefeld,BIE,https://crests.football-data.org/38.png,Melanchthonstraße 31a Bielefeld 33615,http://www.arminia-bielefeld.de,1905.0,Black / White / Blue,SchücoArena Kunstrasenplatz,2024-07-29T17:14:46Z
39,SV Wehen Wiesbaden,Wehen,SVW,https://crests.football-data.org/39.png,Berliner Straße 9 Wiesbaden 65189,http://www.svwehen-wiesbaden.de,1926.0,Red / Black / Gold,BRITA-Arena,2022-07-22T08:47:26Z
41,1. FC Saarbrücken,Saarbrücken,SAR,https://crests.football-data.org/41.png,Berliner Promenade 12 Saarbrücken 66111,http://www.fc-saarbruecken.de,1903.0,Blue / Black,Hermann-Neuberger-Stadion,2022-03-22T10:08:48Z
42,Offenbacher Kickers,Kick. Offenbach,OFF,https://crests.football-data.org/42.png,null Offenbach null,http://www.ofc.de,1901.0,,,2024-06-06T12:55:31Z
43,SSV Jahn Regensburg,Regensburg,REG,https://crests.football-data.org/43.png,Prüfeninger Str. 57a Regensburg 93049,http://www.ssv-jahn.de,1899.0,Red / White,Jahnstadion,2022-07-12T12:10:00Z
44,1. FC Heidenheim 1846,Heidenheim,HEI,https://crests.football-data.org/44.png,Schloßhaustraße 162 Heidenheim 89522,http://www.fc-heidenheim.de,1846.0,Blue / Red / White,Voith-Arena,2024-07-29T17:14:58Z
45,VfB Stuttgart II,Stuttgart II,STU,https://crests.football-data.org/45.png,Mercedesstraße 109 Stuttgart 70372,http://www.vfb.de,1893.0,White / Red,Robert-Schlienz-Stadion,2024-07-29T17:15:52Z
46,SV Sandhausen 1916,Sandhausen,SAN,https://crests.football-data.org/46.png,Jahnstraße 1 Sandhausen 69207,http://www.svsandhausen.de,1916.0,Black / White,BWT-Stadion Am Hardtwald,2022-07-26T18:00:56Z
47,SV Babelsberg 03,Babelsberg,BAB,https://crests.football-data.org/47.png,Karl-Liebknecht-Straße 90 Potsdam 14482,http://www.babelsberg03.de,1903.0,Blue / White,Karl-Liebknecht-Stadion,2023-06-26T14:10:53Z
48,SpVgg Unterhaching,Unterhaching,UNT,https://crests.football-data.org/48.png,Am Sportpark 9 Unterhaching 82008,http://www.spvggunterhaching.de,1925.0,Red / Blue,Alpenbauer Sportpark,2023-05-01T09:28:13Z
49,FC Carl Zeiss Jena,CZ Jena,CZJ,https://crests.football-data.org/49.png,null Jena null,https://www.fc-carlzeiss-jena.de,1903.0,,,2022-07-12T12:07:52Z
50,VfR Aalen,Aalen,AAL,https://crests.football-data.org/50.png,Stadionweg 5/1 Aalen 73430,http://www.vfr-aalen.de,1921.0,Black / White,Ostalb Arena,2024-07-29T17:16:01Z
53,SV Wacker Burghausen,Burghausen,BUR,https://crests.football-data.org/53.png,Franz-Alexander-Str. 7 Burghausen 84489,http://www.wacker1930.de,1930.0,White / Black,,2022-07-21T09:04:50Z
54,Chemnitzer FC,Chemnitzer FC,CFC,https://crests.football-data.org/54.png,Reichenhainer Straße 154 Chemnitz 09125,http://www.chemnitzerfc.de,1945.0,Sky Blue / White,Stadion Chemnitz,2022-07-12T12:07:43Z
55,SV Darmstadt 98,Darmstadt,SVD,https://crests.football-data.org/55.png,Nieder-Ramstädter-Straße 170 Darmstadt 64285,http://www.sv98.de,1898.0,Blue / White,Merck-Stadion am Böllenfalltor,2022-07-26T18:01:00Z
57,Arsenal FC,Arsenal,ARS,https://crests.football-data.org/57.png,75 Drayton Park London N5 1BU,http://www.arsenal.com,1886.0,Red / White,Emirates Stadium,2022-02-10T19:48:56Z
58,Aston Villa FC,Aston Villa,AVL,https://crests.football-data.org/58.png,Villa Park Birmingham B6 6HE,http://www.avfc.co.uk,1872.0,Claret / Sky Blue,Villa Park,2022-04-03T16:22:14Z
59,Blackburn Rovers FC,Blackburn,BLA,https://crests.football-data.org/59.png,Ewood Park Blackburn BB2 4JF,http://www.rovers.co.uk,1874.0,Blue / White,Ewood Park,2022-02-19T08:50:27Z
60,Bolton Wanderers FC,Bolton,BOL,https://crests.football-data.org/60.png,Burnden Way Bolton BL6 6JW,http://www.bwfc.co.uk,1874.0,White / Navy Blue,University of Bolton Stadium,2022-05-11T10:55:59Z
61,Chelsea FC,Chelsea,CHE,https://crests.football-data.org/61.png,Fulham Road London SW6 1HS,http://www.chelseafc.com,1905.0,Royal Blue / White,Stamford Bridge,2022-02-10T19:24:40Z
62,Everton FC,Everton,EVE,https://crests.football-data.org/62.png,Goodison Park Liverpool L4 4EL,http://www.evertonfc.com,1878.0,Blue / White,Goodison Park,2022-02-10T19:47:42Z
63,Fulham FC,Fulham,FUL,https://crests.football-data.org/63.png,"Craven Cottage, Stevenage Road London SW6 6HH",http://www.fulhamfc.com,1879.0,White / Black,Craven Cottage,2024-07-29T17:16:11Z
64,Liverpool FC,Liverpool,LIV,https://crests.football-data.org/64.png,Anfield Road Liverpool L4 0TH,http://www.liverpoolfc.tv,1892.0,Red / White,Anfield,2022-02-10T19:30:22Z
65,Manchester City FC,Man City,MCI,https://crests.football-data.org/65.png,SportCity Manchester M11 3FF,https://www.mancity.com,1880.0,Sky Blue / White,Etihad Stadium,2022-02-10T19:48:37Z
66,Manchester United FC,Man United,MUN,https://crests.football-data.org/66.png,Sir Matt Busby Way Manchester M16 0RA,http://www.manutd.com,1878.0,Red / White,Old Trafford,2022-02-10T19:27:46Z
67,Newcastle United FC,Newcastle,NEW,https://crests.football-data.org/67.png,Sports Direct Arena Newcastle upon Tyne NE1 4ST,http://www.nufc.co.uk,1881.0,Black / White,St. James' Park,2022-09-28T18:51:07Z
68,Norwich City FC,Norwich,NOR,https://crests.football-data.org/68.png,Carrow Road Norwich NR1 1JE,http://www.canaries.co.uk,1902.0,Yellow / Green,Carrow Road,2022-03-23T08:28:03Z
69,Queens Park Rangers FC,QPR,QPR,https://crests.football-data.org/69.png,"South Africa Road, Shepherds Bush London W12 7PA",http://www.qpr.co.uk,1882.0,Blue / White,Kiyan Prince Foundation Stadium,2022-02-22T14:17:12Z
70,Stoke City FC,Stoke,STK,https://crests.football-data.org/70.png,Stanley Matthews Way Stoke-on-Trent ST4 4EG,http://www.stokecityfc.com,1863.0,Red / White,Bet365 Stadium,2022-02-25T16:56:58Z
71,Sunderland AFC,Sunderland,SUN,https://crests.football-data.org/71.png,The Sunderland Stadium of Light Sunderland SR5 1SU,http://www.safc.com,1879.0,Red / White,Stadium of Light,2022-02-19T09:12:07Z
72,Swansea City AFC,Swansea,SWA,https://crests.football-data.org/72.png,"Liberty Stadium, Landore Swansea, Glamorgan SA1 2FA",http://www.swanseacity.net,1912.0,White / Black,Liberty Stadium,2022-03-22T10:08:20Z
73,Tottenham Hotspur FC,Tottenham,TOT,https://crests.football-data.org/73.png,"Bill Nicholson Way, 748 High Road London N17 0AP",http://www.tottenhamhotspur.com,1882.0,Navy Blue / White,Tottenham Hotspur Stadium,2024-05-11T21:39:03Z
74,West Bromwich Albion FC,West Brom,WBA,https://crests.football-data.org/74.png,The Hawthorns West Bromwich B71 4LF,http://www.wba.co.uk,1879.0,White / Navy Blue,The Hawthorns,2022-02-19T09:11:36Z
75,Wigan Athletic FC,Wigan Athletic,WIG,https://crests.football-data.org/75.png,Loire Drive Wigan WN5 0UZ,http://www.wiganlatics.co.uk,1932.0,Blue / White,The Brick Community Stadium,2024-12-05T11:59:59Z
76,Wolverhampton Wanderers FC,Wolverhampton,WOL,https://crests.football-data.org/76.png,Waterloo Road Wolverhampton WV1 4QR,http://www.wolves.co.uk,1877.0,Black / Gold,Molineux Stadium,2024-07-29T17:16:22Z
77,Athletic Club,Athletic,ATH,https://crests.football-data.org/77.png,"Ibaigane, Alameda Mazarredo, 23 Bilbao 48009",http://www.athletic-club.eus,1898.0,Red / White / Black,San Mamés,2022-03-06T09:31:27Z
78,Club Atlético de Madrid,Atleti,ATL,https://crests.football-data.org/78.png,"Paseo Virgen del Puerto, 67 Madrid 28005",http://www.clubatleticodemadrid.com,1903.0,Red / White / Blue,Estadio Wanda Metropolitano,2024-07-29T17:08:58Z
79,CA Osasuna,Osasuna,OSA,https://crests.football-data.org/79.png,"Calle del Sadar, s/n Pamplona 31006",http://www.osasuna.es,1920.0,Red / Navy Blue,Estadio El Sadar,2024-07-29T17:09:06Z
80,RCD Espanyol de Barcelona,Espanyol,ESP,https://crests.football-data.org/80.png,"Avenida Baix Llobregat, 100 Cornellà de Llobregat 08940",http://www.rcdespanyol.com,1900.0,Blue / White,RCDE Stadium,2024-07-29T17:09:12Z
81,FC Barcelona,Barça,FCB,https://crests.football-data.org/81.png,Avenida Arístides Maillol s/n Barcelona 08028,http://www.fcbarcelona.com,1899.0,Red / Navy Blue / Orange,Camp Nou,2024-07-29T17:09:22Z
82,Getafe CF,Getafe,GET,https://crests.football-data.org/82.png,"Avenida Teresa de Calcuta, s/n Getafe 28903",http://www.getafecf.com,1946.0,Blue / White,Coliseum Alfonso Pérez,2022-02-25T16:43:35Z
83,Granada CF,Granada,GRA,https://crests.football-data.org/83.png,"Calle del Pintor Manuel Maldonado, s/n Granada 18007",http://www.granadacf.es,1931.0,Red / White,Estadio Nuevo Los Cármenes,2024-07-29T17:11:42Z
84,Málaga CF,Málaga,MAL,https://crests.football-data.org/84.png,"Paseo de Martiricos, s/n Málaga 29011",http://www.malagacf.es,1933.0,Blue / White,Estadio La Rosaleda,2022-07-26T17:35:29Z
86,Real Madrid CF,Real Madrid,RMA,https://crests.football-data.org/86.png,"Avenida Concha Espina, 1 Madrid 28036",http://www.realmadrid.com,1902.0,White / Purple,Estadio Santiago Bernabéu,2022-02-19T08:59:31Z
87,Rayo Vallecano de Madrid,Rayo Vallecano,RAY,https://crests.football-data.org/87.png,"Calle del Payaso Fofó, s/n Madrid 28018",http://www.rayovallecano.es,1924.0,White / Red,Estadio del Rayo Vallecano,2024-07-29T17:10:35Z
88,Levante UD,Levante,LEV,https://crests.football-data.org/88.png,"Calle San Vicente de Paúl, 44 Valencia 46019",http://www.levanteud.com,1909.0,Crimson / Blue,Estadio Ciudad de Valencia,2024-07-29T17:11:36Z
89,RCD Mallorca,Mallorca,MAL,https://crests.football-data.org/89.png,"Son Moix, Calle Camí dels Reis, s/n Palma de Mallorca 07011",http://www.rcdmallorca.es,1916.0,Red / Black,Iberostar Estadi,2022-02-19T08:44:00Z
90,Real Betis Balompié,Real Betis,BET,https://crests.football-data.org/90.png,"Avenida de Heliópolis, s/n Sevilla 41012",http://www.realbetisbalompie.es,1907.0,Green / White,Estadio Benito Villamarín,2022-05-03T08:22:26Z
91,Real Zaragoza,Real Zaragoza,ZAR,https://crests.football-data.org/91.png,"Calle de Eduardo Ibarra, 6 Zaragoza 50009",http://www.realzaragoza.com,1903.0,White / Navy Blue,Estadio de la Romareda,2022-07-26T17:35:25Z
92,Real Sociedad de Fútbol,Real Sociedad,RSO,https://crests.football-data.org/92.png,"Anoeta Pasalekua, 1 San Sebastián 20014",http://www.realsociedad.com,1903.0,Blue / White,Estadio Municipal de Anoeta,2024-07-29T17:10:27Z
94,Villarreal CF,Villarreal,VIL,https://crests.football-data.org/94.png,"Camino Miralcamp, s/n Villarreal 12540",http://www.villarrealcf.es,1923.0,Yellow / Blue,Estadio de la Cerámica,2022-02-22T18:26:04Z
95,Valencia CF,Valencia,VAL,https://crests.football-data.org/95.png,"Plaza del Valencia Club de Fútbol, 2 Valencia 46010",http://www.valenciacf.com,1919.0,White / Orange / Black,Estadio de Mestalla,2024-07-29T17:10:18Z
96,Real Sporting de Gijón,Gijón,SPO,https://crests.football-data.org/96.png,"Camino de Mareo a Granda, 645 Gijon 33390",http://www.realsporting.com,1905.0,Red / White,Estadio Municipal El Molinón,2022-07-26T17:35:19Z
98,AC Milan,Milan,MIL,https://crests.football-data.org/98.png,Via Filippo Turati 3 Milano 20121,http://www.acmilan.com,1899.0,Red / Black,Stadio Giuseppe Meazza,2024-04-09T16:20:58Z
99,ACF Fiorentina,Fiorentina,FIO,https://crests.football-data.org/99.png,Viale Manfredo Fanti 4 Firenze 50137,http://www.acffiorentina.it,1926.0,Purple / White,Stadio Artemio Franchi,2024-04-09T16:20:54Z
100,AS Roma,Roma,ROM,https://crests.football-data.org/100.png,"Via di Trigoria km. 3,600 Roma 00128",http://www.asroma.it,1927.0,Maroon / Orange / White,Stadio Olimpico,2025-02-17T16:53:31Z
101,AC Siena,Siena,SIE,https://crests.football-data.org/101.png,Via della Sapienza 29 Siena 53100,https://robursiena.it/,1904.0,White / Black,Stadio Comunale Artemio Franchi - Montepaschi Arena,2023-09-04T13:08:29Z
102,Atalanta BC,Atalanta,ATA,https://crests.football-data.org/102.png,"Corso Europa, 46, Zingonia Ciserano 24040",http://www.atalanta.it,1904.0,Black / Blue,Stadio Atleti Azzurri d'Italia,2024-04-09T16:20:48Z
103,Bologna FC 1909,Bologna,BOL,https://crests.football-data.org/103.png,Via Casteldebole 10 Bologna 40132,http://www.bolognafc.it,1909.0,Red / Blue / White,Stadio Renato Dall'Ara,2024-04-09T16:20:45Z
104,Cagliari Calcio,Cagliari,CAG,https://crests.football-data.org/104.png,Viale la Plaia 15 Cagliari 09123,http://www.cagliaricalcio.net,1920.0,Red / Navy Blue / White,Sardegna Arena,2024-04-09T16:20:43Z
105,Calcio Catania,Catania,CAT,https://crests.football-data.org/105.png,Via Ferrante Aporti Catania 95123,http://www.calciocatania.it,1908.0,Sky Blue / Red,Stadio Angelo Massimino,2024-07-29T17:17:05Z
106,AC Chievo Verona,Chievo,CHI,https://crests.football-data.org/106.png,Via Luigi Galvani 3 Verona 37138,http://www.chievoverona.it,1929.0,Yellow / Blue,Stadio Marc'Antonio Bentegodi,2023-06-18T13:46:34Z
107,Genoa CFC,Genoa,GEN,https://crests.football-data.org/107.png,"Via Ronchi, 67 Genova 16155",http://www.genoacfc.it,1893.0,Red / Navy Blue,Stadio Comunale Luigi Ferraris,2024-04-09T16:20:41Z
108,FC Internazionale Milano,Inter,INT,https://crests.football-data.org/108.png,Corso Vittorio Emanuele II 9 Milano 20122,http://www.inter.it,1908.0,Blue / Black,Stadio Giuseppe Meazza,2021-11-24T14:55:58Z
109,Juventus FC,Juventus,JUV,https://crests.football-data.org/109.png,"Corso Galileo Ferraris, 32 Torino 10128",http://www.juventus.com,1897.0,White / Black,Allianz Stadium,2024-04-09T16:20:37Z
110,SS Lazio,Lazio,LAZ,https://crests.football-data.org/110.png,"Via di Santa Cornelia, 1000 Formello 00060",http://www.sslazio.it,1900.0,White / Sky Blue,Stadio Olimpico,2024-04-09T16:20:32Z
112,Parma Calcio 1913,Parma,PAR,https://crests.football-data.org/112.png,"Strada Carlo Pisacane, 4 Parma 43121",http://www.parmacalcio1913.com,1913.0,White / Black,Stadio Ennio Tardini,2022-03-20T17:52:09Z
113,SSC Napoli,Napoli,NAP,https://crests.football-data.org/113.png,"Centro Tecnico di Castel Volturno, Via S.S. Domitana, Km 35 Castel Volturno 81030",http://www.sscnapoli.it,1904.0,Sky Blue / White,Stadio San Paolo,2025-02-17T16:51:11Z
114,Palermo FC,Palermo,PAL,https://crests.football-data.org/114.png,"Viale del Fante, 11 Palermo 90146",http://www.ilpalermocalcio.it,1898.0,Pink / Black,Stadio Renzo Barbera,2022-07-19T17:24:27Z
115,Udinese Calcio,Udinese,UDI,https://crests.football-data.org/115.png,Via Agostino e Angelo Candolini 2 Udine 33100,http://www.udinese.it,1896.0,White / Black,Dacia Arena,2022-02-24T07:45:52Z
196,SG Wattenscheid 09,Wattenscheid,SGW,https://crests.football-data.org/196.png,Lohrheidestraße 82 Bochum-Wattenscheid 44866,http://www.sgwattenscheid09.de,1909.0,White / Black,,2023-05-19T08:25:04Z
198,FSV Zwickau,Zwickau,ZWI,https://crests.football-data.org/198.png,Geinitzstr. 22 Zwickau 08056,http://www.fsv-zwickau.de,1912.0,Red / White,Stadion Zwickau,2022-07-22T08:45:33Z
200,ASC Daco-Getica București,Daco-Getica,DAC,,Soseaua Fundeni nr. 243 Bucureşti Sector 2,,1992.0,White / Black,,2021-07-05T16:41:08Z
201,Carrick Rangers FC,Carrick,CAR,https://crests.football-data.org/201.png,"null Carrickfergus, Co. Antrim null",http://www.carrickrangers.co.uk,1939.0,Black / Orange,Belfast Loughshore Hotel Arena,2022-11-16T12:52:50Z
204,SC Fortuna Köln,Fortuna Köln,FOR,https://crests.football-data.org/204.png,Am Vorgebirgstor 2 Köln 50679,http://www.fortuna-koeln.de,1948.0,Red / White,Südstadion,2023-05-19T08:26:36Z
209,Mannheim,,,,null null null,,,,,2021-07-05T16:41:50Z
213,SV Reutlingen 1905,,,,null null null,,,,,2021-01-12T17:45:36Z
217,Eintracht Trier,Trier,,https://crests.football-data.org/217.png,null null null,,,,,2023-04-07T10:05:11Z
220,VfB Lübeck,Lübeck,LUB,https://crests.football-data.org/220.png,Bei der Lohmühle 13 Lübeck 23554,http://www.vfb-luebeck.de,1919.0,Green / White,Stadion an der Lohmühle,2023-07-30T22:54:47Z
225,Sportfreunde Siegen,,,https://crests.football-data.org/225.png,null null null,,,,,2024-10-28T09:44:42Z
235,Oldenburg,,,,null null null,,,,,2021-07-05T16:58:17Z
237,Albacete Balompié,Albacete,ALB,https://crests.football-data.org/237.png,"Prolongación de la Avenida de España, s/n Albacete 02006",http://www.albacetebalompie.es,1940.0,White / Black,Estadio Carlos Belmonte,2022-07-26T17:35:15Z
247,CD Logrones,,,,null null null,,,,,2021-07-05T18:20:27Z
250,Real Valladolid CF,Valladolid,VDD,https://crests.football-data.org/250.png,"Avenida del Mundial, 82 Valladolid 47014",http://www.realvalladolid.es,1928.0,Violet / White,Estadio Municipal José Zorrilla,2022-02-19T09:12:57Z
254,CD Tenerife,CD Tenerife,TEN,https://crests.football-data.org/254.png,"Callejon del Combate, 1 Santa Cruz de Tenerife 38002",http://www.clubdeportivotenerife.es,1912.0,White / Blue,Estadio Heliodoro Rodríguez Lopéz,2022-02-19T08:50:55Z
258,Real Murcia CF,Real Murcia,MUR,http://upload.wikimedia.org/wikipedia/de/a/ae/Real_Murcia.svg,"Avenida del Estadio, s/n Murcia 30110",http://www.realmurcia.es,1908.0,Red / White,Estadio Nueva Condomina,2020-04-16T04:12:07Z
260,CD Numancia,Numancia,NUM,https://crests.football-data.org/260.png,"Avenida de Mariano Vicén, 16 Soria 42003",http://www.cdnumancia.com,1945.0,Red / Blue,Nuevo Estadio Los Pajaritos,2024-07-29T17:17:15Z
263,Deportivo Alavés,Alavés,ALA,https://crests.football-data.org/263.png,"Mendizorroza, Paseo Cervantes, s/n Vitoria 01007",http://www.alaves.com,1921.0,Blue / White,Estadio de Mendizorroza,2022-02-19T08:23:45Z
264,Cádiz CF,Cádiz CF,CAD,https://crests.football-data.org/264.png,"Plaza de Madrid, s/n Cádiz 11010",http://www.cadizcf.com,1910.0,Yellow / Blue,Estadio Ramón de Carranza,2022-02-19T08:55:59Z
267,UD Almería,Almería,ALM,https://crests.football-data.org/267.png,"Calle Alcalde Santiago Martínez Cabrejas, 5 Almería 04007",http://www.udalmeriasad.com,1989.0,Red / White,Estadio de los Juegos Mediterráneos,2022-08-16T12:47:01Z
268,Deportivo Xerez,,XER,https://crests.football-data.org/268.png,null null null,,,,,2023-06-09T15:55:16Z
269,Hércules de Alicante CF,Hércules,HER,http://upload.wikimedia.org/wikipedia/en/8/8a/H%C3%A9rcules_cf_200px.png,"Calle Foguerer Romeu Zarandieta, s/n Alicante 03005",http://www.herculesdealicantecf.net,1922.0,Blue / White,Estadio José Rico Pérez,2020-04-16T04:12:16Z
270,Mérida AD,Mérida,MER,https://crests.football-data.org/270.png,Villafranca de los Barros Mérida 06800,http://www.admerida.es,1912.0,,Estadio Romano,2023-01-11T08:20:06Z
272,Extremadura CF,,,https://crests.football-data.org/272.png,null null null,,,,,2023-09-04T09:56:53Z
275,UD Las Palmas,Las Palmas,LPA,https://crests.football-data.org/275.png,"Calle Pío XII, 29 Las Palmas de Gran Canaria 35005",http://www.udlaspalmas.es,1949.0,Yellow / Blue,Estadio de Gran Canaria,2022-02-19T08:43:46Z
278,SD Eibar,Eibar,EIB,https://crests.football-data.org/278.png,"Ipurua Kalea, 2 Eibar 20600",http://www.sdeibar.com,1940.0,Red / Blue,Estadio Municipal de Ipurúa,2024-07-29T17:11:28Z
279,CD Toledo,Toledo,TOL,https://crests.football-data.org/279.png,Salto del Caballo s/n Toledo 45003,http://www.cdtoledo.es,1928.0,Green / White,,2023-09-04T09:58:32Z
280,Club Lleida Esportiu,Lleida,LLE,https://crests.football-data.org/280.png,null Lleida null,http://www.lleidaesportiu.cat,1939.0,,Camp d'Esports de Lleida,2023-01-11T08:20:04Z
281,Ath Madrid B,,ATL,https://crests.football-data.org/281.png,null null null,,,,,2023-09-04T10:10:55Z
284,Orense,,,https://crests.football-data.org/284.png,null null null,,,,,2023-09-04T10:05:57Z
285,Elche CF,Elche,ELC,https://crests.football-data.org/285.png,"Avenida Manuel Martínez Valero, 3 Elche 03208",http://www.elchecf.es,1923.0,White / Green,Estadio Manuel Martínez Valero,2022-02-24T07:42:28Z
286,SD Ponferradina,Ponferradina,PON,https://crests.football-data.org/286.png,"Calle El Toralín, s/n Ponferrada 24404",http://www.sdponferradina.com,1922.0,Blue / White,Estadio El Toralín,2022-02-19T09:34:03Z
289,Real Madrid Castilla,Madrid Castilla,CAS,https://crests.football-data.org/289.png,null null null,,,,,2025-02-18T17:56:47Z
295,Córdoba CF,Córdoba,COR,https://crests.football-data.org/295.png,Avenida del Arcángel s/n Córdoba 14010,http://www.cordobacf.com,1954.0,White / Green,Estadio Nuevo Arcángel,2023-07-31T12:05:06Z
298,Girona FC,Girona,GIR,https://crests.football-data.org/298.png,"Avinguda de Montilivi, 141 Girona 17003",http://www.gironafc.cat,1930.0,Red / White / Blue,Estadi Municipal de Montilivi,2022-08-16T12:47:06Z
299,SD Huesca,Huesca,HUE,https://crests.football-data.org/299.png,"Calle Cocoron, s/n Huesca 22004",http://www.sdhuesca.es,1910.0,Crimson / Navy Blue,Estadio El Alcoraz,2024-07-29T17:11:21Z
300,FC Cartagena,Cartagena,CAR,https://crests.football-data.org/300.png,Avenida Dr. Luis Calandre s/n Cartagena 30205,http://www.futbolclubcartagena.com,1995.0,White / Black,Estadio Municipal Cartagonova,2022-07-26T17:35:10Z
302,FC Villarreal B,Villarreal B,VIL,https://crests.football-data.org/302.png,null Villarreal null,,,,,2022-08-18T17:32:18Z
303,FC Barcelona B,FC Barcelona B,FCB,https://crests.football-data.org/303.png,Avenida Arístides Maillol s/n Barcelona 08028,http://www.fcbarcelona.com,1899.0,Red / Navy Blue / Orange,Mini Estadi,2024-07-29T17:17:36Z
304,AD Alcorcón,AD Alcorcón,ALC,https://crests.football-data.org/304.png,"Avenida Pablo Iglesias, s/n Alcorcón 28922",http://www.adalcorcon.com,1971.0,Yellow / Blue,Estadio Santo Domingo,2023-07-06T17:32:33Z
314,Écija Balompié,,ÉCI,https://crests.football-data.org/314.png,null Balompié null,,,,,2023-09-04T10:07:14Z
322,Hull City AFC,Hull City,HUL,https://crests.football-data.org/322.png,Walton Street Hull HU3 6HU,http://www.hullcitytigers.com,1904.0,Orange / Black,Kingston Communications Stadium,2022-02-22T14:19:00Z
325,Portsmouth FC,Portsmouth,POR,https://crests.football-data.org/325.png,Frogmore Road Portsmouth PO4 8RA,http://www.portsmouthfc.co.uk,1898.0,Blue / White,Fratton Park,2024-08-27T19:14:22Z
328,Burnley FC,Burnley,BUR,https://crests.football-data.org/328.png,Harry Potts Way Burnley BB10 4BX,http://www.burnleyfootballclub.com,1881.0,Claret / Sky Blue,Turf Moor,2022-02-10T19:24:11Z
332,Birmingham City FC,Birmingham,BIR,https://crests.football-data.org/332.png,St. Andrew's Stadium Birmingham B9 4RL,http://www.bcfc.com,1875.0,Blue / White,St Andrew's Trillion Trophy Stadium,2022-02-20T08:43:10Z
336,Blackpool FC,Blackpool,BLA,https://crests.football-data.org/336.png,"Bloomfield Road, Seasiders Way Blackpool FY1 6JJ",http://www.blackpoolfc.co.uk,1887.0,Orange / White,Bloomfield Road,2022-02-10T19:11:47Z
338,Leicester City FC,Leicester City,LEI,https://crests.football-data.org/338.png,"The Walkers Stadium, Filbert Way Leicester LE2 7FL",http://www.lcfc.com,1884.0,Royal Blue / White,King Power Stadium,2022-02-10T19:48:23Z
340,Southampton FC,Southampton,SOU,https://crests.football-data.org/340.png,Britannia Road Southampton SO14 5FP,http://www.saintsfc.co.uk,1885.0,Red / White / Black,St. Mary's Stadium,2022-02-10T19:48:04Z
341,Leeds United FC,Leeds United,LEE,https://crests.football-data.org/341.png,Elland Road Leeds LS11 0ES,http://www.leedsunited.com,1904.0,White / Blue,Elland Road,2022-02-10T19:27:14Z
342,Derby County FC,Derby County,DER,https://crests.football-data.org/342.png,Pride Park Derby DE24 8XL,http://www.dcfc.co.uk,1884.0,White / Black,iPro Stadium,2022-10-28T10:49:53Z
343,Middlesbrough FC,Middlesbrough,MID,https://crests.football-data.org/343.png,Riverside Stadium Middlesbrough TS3 6RS,http://www.mfc.co.uk,1876.0,Red / White,Riverside Stadium,2022-02-19T08:58:41Z
345,Sheffield Wednesday FC,Sheffield Wed,SHE,https://crests.football-data.org/345.png,"Hillsborough Sheffield, Yorkshire S6 1SW",http://www.swfc.co.uk,1820.0,Blue / White / Black,Hillsborough Stadium,2022-02-19T08:58:10Z
346,Watford FC,Watford,WAT,https://crests.football-data.org/346.png,Vicarage Road Watford WD18 0ER,http://www.watfordfc.com,1881.0,Yellow / Black,Vicarage Road Stadium,2022-07-26T17:53:47Z
347,AFC Wimbledon,AFC Wimbledon,WMB,https://crests.football-data.org/347.png,"Jack Goodchild Way, 422a Kingston Road Kingston upon Thames KT1 3PB",http://www.afcwimbledon.co.uk,2002.0,Blue / Yellow,Kiyan Prince Foundation Stadium,2023-03-05T07:34:27Z
348,Charlton Athletic FC,Charlton,CHA,https://crests.football-data.org/348.png,"Floyd Road, Charlton London SE7 8BL",http://www.cafc.co.uk,1905.0,Red / White,The Valley,2022-02-19T09:03:24Z
349,Ipswich Town FC,Ipswich Town,IPS,https://crests.football-data.org/349.png,Portman Road Ipswich IP1 2DA,http://www.itfc.co.uk,1887.0,Blue / White,Portman Road Stadium,2022-10-28T10:50:05Z
351,Nottingham Forest FC,Nottingham,NOT,https://crests.football-data.org/351.png,"Pavilion Road, West Bridgeford Nottingham NG2 5GJ",http://www.nottinghamforest.co.uk,1865.0,Red / White,The City Ground,2022-07-26T17:53:21Z
354,Crystal Palace FC,Crystal Palace,CRY,https://crests.football-data.org/354.png,Whitehorse Lane London SE25 6PU,http://www.cpfc.co.uk,1905.0,Red / Blue,Selhurst Park,2022-02-10T19:22:36Z
355,Reading FC,Reading,REA,https://crests.football-data.org/355.png,Junction 11 M4 Reading RG2 0FL,http://www.readingfc.co.uk,1871.0,Blue / White,Madejski Stadium,2022-07-26T17:53:40Z
356,Sheffield United FC,Sheffield Utd,SHE,https://crests.football-data.org/356.png,"Bramall Lane Sheffield, Yorkshire S2 4SU",http://www.sufc.co.uk,,Red / White / Black,Bramall Lane,2024-07-29T17:17:53Z
357,Barnsley FC,Barnsley,BAR,https://crests.football-data.org/357.png,Grove Street Barnsley S71 1ET,http://www.barnsleyfc.co.uk,1887.0,Red / White,Oakwell Stadium,2022-02-20T08:42:50Z
361,Rochdale AFC,Rochdale,ROC,https://crests.football-data.org/361.png,Spotland Stadium Rochdale OL11 5DS,http://www.rochdaleafc.co.uk,1907.0,Blue / Black,Crown Oil Arena,2023-03-21T12:41:29Z
363,Chesterfield FC,Chesterfield,CHE,https://crests.football-data.org/363.png,"1866 Sheffield Road, Whittington Moor Chesterfield, Derbyshire S41 8NZ",http://www.chesterfield-fc.co.uk,1866.0,Blue / White,Proact Stadium,2024-07-29T17:18:04Z
365,Colchester United FC,Colchester Utd,COL,https://crests.football-data.org/365.png,Weston Homes Community Stadium Colchester CO4 5UP,http://www.cu-fc.com,1937.0,Blue / White,JobServe Community Stadium,2023-03-05T07:35:40Z
366,Torquay United FC,Torquay,TOR,https://crests.football-data.org/366.png,Plainmoor Torquay TQ1 3PS,http://www.torquayunited.com,1899.0,Yellow / Blue,Plainmoor Ground,2022-10-28T10:49:47Z
369,Walsall FC,Walsall,WAL,https://crests.football-data.org/369.png,"Bescot Crescent Walsall, West Midlands WS1 4SA",http://www.saddlers.co.uk,1888.0,Red / White,The Banks's Stadium,2023-03-05T07:35:33Z
370,Gillingham FC,Gillingham,GIL,https://crests.football-data.org/370.png,Redfern Avenue Gillingham ME7 4DD,http://www.gillinghamfootballclub.com,1893.0,Blue / White,MEMS Priestfield Stadium,2022-10-28T10:55:09Z
371,Hartlepool,,,,null null null,,,,,2021-07-05T15:34:21Z
372,Hereford FC,Hereford,HER,https://crests.football-data.org/372.png,Edgar Street Hereford HR4 9UJ,http://www.herefordfc.co.uk,1924.0,White / Black,Edgar Street Athletic Ground,2022-10-28T10:53:56Z
376,Northampton Town FC,Northampton,NOR,https://crests.football-data.org/376.png,Upton Way Northampton NN5 5QA,http://www.ntfc.co.uk,1897.0,Claret / White,Sixfields Stadium,2024-11-22T12:49:26Z
384,Millwall FC,Millwall,MIL,https://crests.football-data.org/384.png,Zampa Road London SE16 3LN,http://www.millwallfc.co.uk,1885.0,Blue / White,The Den,2022-02-19T09:00:14Z
385,Rotherham United FC,Rotherham Utd,ROT,https://crests.football-data.org/385.png,New York Way Rotherham S60 1AH,http://www.themillers.co.uk,1870.0,Red / White,New York Stadium,2022-02-25T16:43:19Z
387,Bristol City FC,Bristol City,BRI,https://crests.football-data.org/387.png,Ashton Gate Bristol BS3 2EJ,http://www.bcfc.co.uk,1894.0,Red / White,Ashton Gate Stadium,2024-07-29T17:18:14Z
389,Luton Town FC,Luton Town,LUT,https://crests.football-data.org/389.png,1 Maple Road Luton LU4 8AW,http://www.lutontown.co.uk,1885.0,White / Navy Blue / Orange,Kenilworth Road Stadium,2022-02-19T08:50:08Z
391,Notts County FC,Notts County,NOT,https://crests.football-data.org/391.png,Meadow Lane Nottingham NG2 3HJ,http://www.nottscountyfc.co.uk,1862.0,Black / White,Meadow Lane Stadium,2023-09-18T10:12:47Z
393,Port Vale FC,Port Vale,PVL,https://crests.football-data.org/393.png,"Hamil Road, Burslem Stoke-on-Trent ST6 1AW",http://www.port-vale.co.uk,1876.0,White / Black,Vale Park,2023-03-05T07:35:27Z
394,Huddersfield Town AFC,Huddersfield,HUD,https://crests.football-data.org/394.png,Stadium Way Huddersfield HD1 6PX,http://www.htafc.com,1908.0,Blue / White,The John Smith's Stadium,2022-02-10T19:15:53Z
396,Stockport County FC,Stockport,STO,https://crests.football-data.org/396.png,Hardcastle Road Stockport SK3 9DD,http://www.stockportcounty.com,1883.0,Blue / White,Edgeley Park,2022-06-27T08:54:27Z
397,Brighton & Hove Albion FC,Brighton Hove,BHA,https://crests.football-data.org/397.png,44 North Road Brighton & Hove BN1 1YR,http://www.seagulls.co.uk,1898.0,Blue / White,The American Express Community Stadium,2024-07-29T17:18:23Z
399,Leyton Orient FC,Leyton Orient,LEY,https://crests.football-data.org/399.png,Brisbane Road Leyton E10 5NE,http://www.leytonorient.com,1881.0,Black / Red,Gaughan Group Stadium,2024-11-13T12:59:21Z
400,Bristol Rovers FC,Bristol Rovers,BRI,https://crests.football-data.org/400.png,"Filton Avenue, Horfield Bristol BS7 0BF",http://www.bristolrovers.co.uk,1883.0,Blue / White,Memorial Stadium,2023-03-21T12:14:42Z
402,Brentford FC,Brentford,BRE,https://crests.football-data.org/402.png,Braemar Road Brentford TW8 0NT,http://www.brentfordfc.co.uk,1889.0,Red / White / Black,Griffin Park,2022-04-03T16:24:00Z
404,Wrexham AFC,Wrexham,WRE,https://crests.football-data.org/404.png,"Racecourse Ground, Mold Road Wrexham LL11 2AH",http://www.wrexhamafc.co.uk,1864.0,Red / White,Racecourse Ground,2023-09-18T10:13:25Z
409,Milton Keynes Dons FC,Milton Keynes,MKD,https://crests.football-data.org/409.png,Stadium Way West Milton Keynes MK 1ST,http://www.mkdons.com,1889.0,White / Red,Stadium mk,2022-10-28T10:52:07Z
411,Cheltenham Town FC,Cheltenham T,CHE,https://crests.football-data.org/411.png,Whaddon Road Cheltenham GL52 5NA,http://www.ctfc.com,1892.0,,Jonny-Rocks Stadium,2022-10-28T10:52:32Z
431,SSC Bari,Bari,BAR,https://crests.football-data.org/431.png,via Sparano da Bari 162 Bari 70124,http://www.fcbari1908.club,1908.0,White / Red,Stadio Comunale San Nicola,2022-10-19T16:24:12Z
436,AS Livorno Calcio,Livorno,LIV,https://crests.football-data.org/436.png,"Via Indipendenza, 16 Livorno 57126",http://www.livornocalcio.it,1915.0,Maroon / Black,Stadio Armando Picchi,2024-07-29T17:18:32Z
445,Empoli FC,Empoli,EMP,https://crests.football-data.org/445.png,Piazza Matteotti Empoli 50053,http://www.empolicalcio.net,1920.0,Blue / White,Stadio Carlo Castellani,2025-02-17T16:53:08Z
446,Ascoli Calcio 1898 FC,Ascoli,ASC,https://crests.football-data.org/446.png,Corso V. Emanuele 21 Ascoli 63100,http://www.ascolipicchio.com,1898.0,White / Black,Stadio Cino e Lillo Del Duca,2022-03-20T17:53:33Z
447,ACR Messina,,MES,https://crests.football-data.org/447.png,null null null,,,,,2022-09-02T10:35:47Z
448,ACD Treviso,Treviso,ACD,https://crests.football-data.org/448.png,null null null,,,,,2023-09-04T13:08:07Z
449,Brescia Calcio,Brescia,BRS,https://crests.football-data.org/449.png,"Via Novagani, 8 Brescia 25127",http://www.bresciacalcio.it,1907.0,Blue / White,Stadio Mario Rigamonti,2022-02-19T08:57:28Z
450,Hellas Verona FC,Verona,HVE,https://crests.football-data.org/450.png,"Via Evangelista Torricelli, 37 Verona 37136",http://www.hellasverona.it,1903.0,Yellow / Blue,Stadio Marc'Antonio Bentegodi,2022-02-19T08:54:02Z
451,L.R. Vicenza Virtus,Vicenza Virtus,VIC,https://crests.football-data.org/451.png,"Via Schio, 21 Vicenza 36100",http://www.lrvicenza.net/,1902.0,Red / White,Stadio Romeo Menti,2021-10-30T08:18:45Z
452,AC Perugia Calcio,Perugia,PER,https://crests.football-data.org/452.png,Via Piero Conti 65 Perugia 06125,http://www.acperugiacalcio.com,1905.0,Red / White,Stadio Renato Curi,2022-07-26T17:27:43Z
453,Piacenza Calcio 1919,Piacenza,PIA,https://crests.football-data.org/453.png,Via Gorra 25 Piacenza 29100,http://www.piacenzacalcio.it,1919.0,Red / White / Black,Stadio Leonardo Garilli,2022-09-02T10:18:28Z
454,Venezia FC,Venezia FC,VEN,https://crests.football-data.org/454.png,"Viale Ancona, 43 Venezia 30172",http://www.veneziafc.club,1907.0,Orange / Black / Green,Stadio Pierluigi Penzo,2022-02-20T08:41:04Z
455,US Salernitana 1919,Salernitana,SAL,https://crests.football-data.org/455.png,"Via San Leonardo, 51 Salerno 84131",http://www.ussalernitana1919.it,1919.0,,Stadio Arechi,2022-02-19T09:10:52Z
457,US Cremonese,Cremonese,CRE,https://crests.football-data.org/457.png,"Via Persico, 19 Cremona 26100",http://www.uscremonese.it,1903.0,Red / Grey,Stadio Giovanni Zin,2022-03-20T17:53:13Z
458,Padova Calcio,Padova,PAD,https://crests.football-data.org/458.png,"Via Sorio, 43 Padova 35137",http://www.padovacalcio.it,1910.0,White / Red,Stadio Comunale Euganeo,2024-07-29T17:18:42Z
460,Modena FC 2018,Modena,MOD,https://crests.football-data.org/460.png,"Piazzale Monte Kosika, 130 Modena 41100",http://www.modenafc.net,1912.0,Yellow / Blue,Stadio Alberto Braglia,2024-07-29T17:18:51Z
461,Ancona 1905,,ANC,https://crests.football-data.org/461.png,null Ancona null,,,,,2023-06-19T12:24:39Z
464,UC AlbinoLeffe,AlbinoLeffe,ALB,https://crests.football-data.org/464.png,"Viale G.Cesare, 18 Bergamo 24021",http://www.albinoleffe.com,1998.0,Sky Blue / Navy Blue,Stadio Atleti Azzurri d'Italia,2022-09-02T10:18:22Z
465,Gallipoli,,,,null null null,,,,,2021-07-05T17:06:18Z
466,AS Cittadella,Cittadella,CIT,https://crests.football-data.org/466.png,"Via Dante Alighieri, 27 Cittadella 35013",http://www.ascittadella.it,1920.0,Maroon / White,Stadio Pier Cesare Tombolato,2022-02-19T08:49:50Z
470,Frosinone Calcio,Frosinone,FRO,https://crests.football-data.org/470.png,"Via Marittima, 2 Frosinone 03100",http://www.frosinonecalcio.com,1912.0,Yellow / Blue,Stadio Benito Stirpe,2022-03-20T17:51:41Z
471,US Sassuolo Calcio,Sassuolo,SAS,https://crests.football-data.org/471.png,"Piazza Risorgimento, 47 Sassuolo 41049",http://www.sassuolocalcio.it,1920.0,Green / Black,Mapei Stadium - Città del Tricolore,2024-04-09T16:20:13Z
472,FC Crotone,Crotone,CRO,https://crests.football-data.org/472.png,Via Cutro Crotone 88900,http://www.fccrotone.it,1923.0,Blue / Red,Stadio Ezio Scida,2022-03-20T17:52:58Z
479,Ternana Calcio,Ternana,TRN,https://crests.football-data.org/479.png,Via Aleardi 10 Terni 05100,http://www.ternanacalcio.com,1925.0,Green / Red,Stadio Libero Liberati,2022-07-26T17:26:12Z
486,Calcio Avellino SSD,Avellino,AVE,http://upload.wikimedia.org/wikipedia/de/a/ab/AS_Avellino.png,Piazza Liberta 63 Avellino 83100,https://www.avellinossd.it/,1912.0,Green / White,Stadio Partenio,2021-02-06T18:09:09Z
487,AC Pisa 1909,AC Pisa,PIS,https://crests.football-data.org/487.png,Piazza della Stazione 22 (scala A) Pisa null,http://www.pisachannel.tv,1909.0,Blue / Black,Arena Garibaldi - Stadio Romeo Anconetani,2022-02-21T18:51:34Z
488,Spezia Calcio,Spezia Calcio,SPE,https://crests.football-data.org/488.png,"Via Dei Pioppi, ingresso 1 La Spezia 19123",http://www.acspezia.com,1906.0,White / Black,Stadio Alberto Picco,2024-07-29T17:15:13Z
489,SS Arezzo,Arezzo,ARE,https://crests.football-data.org/489.png,Viale Gramsci Arezzo 52100,http://www.ssarezzo.it/,1923.0,Burgundy / Black,Stadio Città di Arezzo,2023-08-10T14:16:14Z
490,US Catanzaro,Catanzaro,CAT,https://crests.football-data.org/490.png,"Via Pugliese, 30 Catanzaro 88100",http://www.uscatanzaro1929.com,1919.0,Yellow / Red,Stadio Nicola Ceravolo,2023-07-31T12:05:16Z
492,Portogruaro,,,,null null null,,,,,2021-07-05T17:13:48Z
496,Rio Ave FC,Rio Ave,RIO,https://crests.football-data.org/496.png,"Praça da República, n.º35, Apartado 42 Vila do Conde 4481-909",http://www.rioave-fc.pt,1939.0,Green / White,Estádio do Rio Ave Futebol Clube,2022-07-26T17:38:50Z
498,Sporting Clube de Portugal,Sporting CP,SPO,https://crests.football-data.org/498.png,"Edifício Visconde de Alvalade, Apartado 42099 Lisboa 1601-801",http://www.sporting.pt,1906.0,Green / White,Estádio José Alvalade,2022-07-26T17:38:53Z
499,SC Olhanense,Olhanense,OLH,https://crests.football-data.org/499.png,"Estádio José Arcanjo, Apartado 104 Olhão 8700",http://www.scolhanense.com,1912.0,Black / Red,Estádio José Arcanjo,2024-07-29T17:15:19Z
503,FC Porto,Porto,FCP,https://crests.football-data.org/503.png,"Estádio do Dragão, Entrada Poente - Piso 3 Porto 4350-451",http://www.fcporto.pt,1893.0,Blue / White,Estádio Do Dragão,2022-02-10T19:26:43Z
507,FC Paços de Ferreira,Paços Ferreira,PAÇ,https://crests.football-data.org/507.png,"Rua do Estadio, Apartado 26 Paços de Ferreira 4594-909",http://www.fcpf.pt,1950.0,Green / Yellow,Estádio da Capital do Móvel,2022-07-26T17:38:58Z
508,UD Leiria,Leiria,LEI,https://crests.football-data.org/508.png,"Estádio Dr. Magalhães Pessoa, Apartado 3074 Leiria 2400",http://www.udl.leirianet.pt,1966.0,White,,2023-09-02T13:17:46Z
510,AC Ajaccio,AC Ajaccio,ACA,https://crests.football-data.org/510.png,Route du Vazzio Ajaccio 20090,http://www.ac-ajaccio.com,1910.0,White / Red,Stade François Coty,2022-02-19T09:03:14Z
511,Toulouse FC,Toulouse,TOU,https://crests.football-data.org/511.png,"1 allée Gabriel Biénèsm, BP 54023 Toulouse 31028",http://www.tfc.info,1937.0,Violet / White,Stadium Municipal,2022-02-20T08:39:56Z
512,Stade Brestois 29,Brest,BRE,https://crests.football-data.org/512.png,"Port de Plaisance, 470 bis rue Alain Colas Brest 29200",http://www.stade-brestois.com,1903.0,White / Red,Stade Francis-Le Blé,2022-02-19T08:43:14Z
514,SM Caen,SM Caen,SMC,https://crests.football-data.org/514.png,Boulevard G. Pompidou Caen 14000,http://www.smcaen.fr,1892.0,Red / Blue,Stade Michel d'Ornano,2022-02-19T08:59:48Z
515,Valenciennes FC,Valenciennes,VFC,https://crests.football-data.org/515.png,"1, Avenue de Reims Valenciennes 59300",http://www.va-fc.com,1913.0,Red / White,Stade du Hainaut,2022-06-19T00:04:06Z
516,Olympique de Marseille,Marseille,MAR,https://crests.football-data.org/516.png,"La Commanderie, 33, traverse de La Martine Marseille 13012",http://www.om.net,1898.0,White / Blue,Orange Vélodrome,2022-02-19T08:35:12Z
517,FC Sochaux-Montbéliard,Sochaux,FCS,https://crests.football-data.org/517.png,Impasse Forge Montbéliard 25200,http://www.fcsochaux.fr,1930.0,Yellow / Navy Blue,Stade Auguste-Bonal,2022-06-19T00:03:50Z
518,Montpellier HSC,Montpellier,MON,https://crests.football-data.org/518.png,Domaine de Grammont CS 79041 Montpellier 34967,http://www.mhscfoot.com,1970.0,Blue / Orange,Stade de la Mosson,2022-02-19T08:47:35Z
519,AJ Auxerre,Auxerre,AJA,https://crests.football-data.org/519.png,Route de Vaux BP 349 Auxerre 89006,http://www.aja.fr,1905.0,White / Blue,Stade de l'Abbé Deschamps,2022-07-26T18:03:55Z
520,AS Nancy-Lorraine,Nancy,ASN,https://crests.football-data.org/520.png,90 Boulevard Jean Jaurès Tomblaine 54510,http://www.asnl.net,1967.0,Red / White,Stade Marcel-Picot (annexe 2),2023-03-05T07:39:57Z
521,Lille OSC,Lille,LIL,https://crests.football-data.org/521.png,"Grand Rue 59, 780 Camphin-en-Pévèle Lille null",http://www.losc.fr,1944.0,White / Red,Stade Pierre-Mauroy,2024-07-29T17:19:48Z
522,OGC Nice,Nice,NIC,https://crests.football-data.org/522.png,"35, avenue du Ray Nice 06100",http://www.ogcnice.com,1904.0,Red / Black,Stade de Nice,2022-02-19T08:51:11Z
523,Olympique Lyonnais,Olympique Lyon,LYO,https://crests.football-data.org/523.png,350 avenue Jean Jaurès Lyon 69007,http://www.olweb.fr,1896.0,White / Red / Blue,Groupama Stadium,2024-07-29T17:19:54Z
524,Paris Saint-Germain FC,PSG,PSG,https://crests.football-data.org/524.png,"24, rue de Commandant Guibaud Paris 7501",http://www.psg.fr,1904.0,Red / Blue / White,Parc des Princes,2022-02-10T19:07:11Z
525,FC Lorient,Lorient,FCL,https://crests.football-data.org/525.png,"Tade Yves Allainmat<br>Rue Du Tour Des Portes, BP 404 Lorient 56104",http://www.fclweb.fr,1926.0,Orange / Black,Stade Yves Allainmat - Le Moustoir,2022-02-19T08:25:01Z
526,FC Girondins de Bordeaux,Bordeaux,BOR,https://crests.football-data.org/526.png,"Rue Joliot-Curie, Le Haillan Bordeaux 33185",http://www.girondins.com,1881.0,Blue / White,Stade Matmut-Atlantique,2024-07-29T17:20:02Z
527,AS Saint-Étienne,Saint-Étienne,ASS,https://crests.football-data.org/527.png,11 rue de Verdun L'Étrat 42580,http://www.asse.fr,1919.0,Green / White,Stade Geoffroy-Guichard,2022-02-25T16:43:53Z
528,Dijon Football Côte d'Or,Dijon FCO,DFC,https://crests.football-data.org/528.png,9 rue Ernest Champaux Dijon 21000,http://www.dfco.fr,1936.0,Red / White,Stade Gaston Gérard,2024-07-29T17:20:13Z
529,Stade Rennais FC 1901,Stade Rennais,REN,https://crests.football-data.org/529.png,La Piverdière - Chemin de la Taupinais CS 5390 Rennes 35039,http://www.staderennais.com,1901.0,Red / Black,Roazhon Park,2022-03-20T11:21:26Z
530,Amiens SC,Amiens SC,AMI,https://crests.football-data.org/530.png,Stade de la Licorne Rue du Chapitre Amiens 80016,http://www.amiensfootball.com,1901.0,Black / White / Grey,Stade Crédit Agricole la Licorne,2022-02-19T08:35:27Z
531,ES Troyes AC,Troyes,ETR,https://crests.football-data.org/531.png,29bis Rue Saint-Exupéry Pont-Sainte-Marie 10158,http://www.estac.fr,1986.0,Blue / White,Stade de l'Aube,2024-07-29T17:20:22Z
532,Angers SCO,Angers SCO,ANG,https://crests.football-data.org/532.png,"73 boulevard Jacques Portet, BP 20212 Angers 49002",http://www.angers-sco.fr,1919.0,Black / White / Gold,Stade Raymond Kopa,2024-07-29T17:20:31Z
533,Le Havre AC,Le Havre,HAC,https://crests.football-data.org/533.png,2 route du château BP 90 Saint-Laurent-de-Brèvedent 76700,http://www.hac-foot.com,1872.0,Sky Blue / Navy Blue,Stade Océane,2022-06-19T00:03:33Z
534,AC Arles-Avignon,Arles,AC ,https://crests.football-data.org/534.png,null null null,,,,,2024-07-29T17:20:40Z
535,Le Mans FC,Le Mans,LMF,https://upload.wikimedia.org/wikipedia/en/5/57/Le_Mans_FC_logo.svg,La Pincenardière Le Mans 72230,http://www.lemansfc.fr/,1985.0,Red / Yellow,MMArena,2020-05-28T02:03:42Z
536,SC Bastia,SC Bastia,SCB,https://crests.football-data.org/536.png,Stade Armand Cesari BP 640 Furiani 20600,http://www.sc-bastia.net,1905.0,Blue / White,Stade Armand Césari,2022-02-25T16:57:38Z
537,FC Istres,Istres,IST,https://crests.football-data.org/537.png,null null null,,,,,2024-05-15T09:21:19Z
538,En Avant Guingamp,EA Guingamp,EAG,https://crests.football-data.org/538.png,"15, bd Clemenceau B.P. 50222 Guingamp 22202",http://www.eaguingamp.com,1912.0,Red / Black,Stade du Roudourou,2024-07-29T17:21:10Z
539,La Berrichonne de Châteauroux,Châteauroux,LBC,https://crests.football-data.org/539.png,"10, allée Beaumarchais, BP 345 Châteauroux 36000",http://www.berrichonne-football.com,1883.0,Blue / Red,Stade Gaston Petit,2023-03-05T07:40:01Z
540,Stade Lavallois Mayenne FC,Stade Laval,LAV,https://crests.football-data.org/540.png,"Plaine des Gandonnières, rue George-Coupeau Laval 53000",http://www.stade-lavallois.com,1902.0,Orange / Black,Stade Francis Le Basser,2022-10-19T16:23:20Z
541,Clermont Foot 63,Clermont Foot,CLF,https://crests.football-data.org/541.png,Rue Adrien Mabrut Clermont-Ferrand 63100,http://www.clermontfoot.com,1911.0,Red / Blue,Stade Gabriel Montpied,2024-07-29T17:21:20Z
543,FC Nantes,Nantes,NAN,https://crests.football-data.org/543.png,"Centre Sportif José Arribas, La Jonelière Nantes 44240",http://www.fcnantes.com,1943.0,Green / Yellow,Stade de la Beaujoire - Louis Fonteneau,2023-06-14T15:27:19Z
544,Tours FC,Tours FC,TFC,http://upload.wikimedia.org/wikipedia/de/9/9a/FC_Tours.svg,rue Jules-Ladoumègue Tours 37000,http://www.toursfc.fr,1919.0,Blue / Black,Stade de la Vallée du Cher,2021-02-06T18:02:06Z
545,FC Metz,FC Metz,FCM,https://crests.football-data.org/545.png,"3, allée Saint Symphonien, BP 40292 Metz 5700",http://www.fcmetz.com,1919.0,Red / Blue,Stade Saint-Symphorien,2024-07-29T17:22:18Z
546,Racing Club de Lens,RC Lens,RCL,https://crests.football-data.org/546.png,33 rue Arthur Lamendin Avion 62210,http://www.rclens.fr,1906.0,Red / Yellow,Stade Bollaert-Delelis,2022-02-19T08:24:45Z
547,Stade de Reims,Stade de Reims,SDR,https://crests.football-data.org/547.png,26 rue Robert-Fulton Reims 51100,http://www.stade-de-reims.com,1909.0,Red / White / Cyan,Stade Auguste-Delaune II,2022-03-20T11:25:01Z
548,AS Monaco FC,Monaco,ASM,https://crests.football-data.org/548.png,Avenue des Castellans Monaco 98000,http://www.asmonaco.com,1919.0,Red / White,Stade Louis II.,2021-11-06T13:27:09Z
550,CD Alcoyano,Alcoyano,ALC,https://crests.football-data.org/550.png,"Calle Oliver, s/n Alcoy 03802",http://www.cdalcoyano.com,1928.0,Blue / White,Campo Municipal El Collao,2023-09-04T09:57:28Z
551,CD Guadalajara,Guadalajara,GUA,https://crests.football-data.org/551.png,"null Guadalajara, Jalisco null",,1973.0,Red / White,Estadio Akron,2024-07-29T17:22:29Z
553,BV Borussia 09 Dortmund II,Dortmund II,BVB,https://crests.football-data.org/553.png,Rheinlanddamm 207-209 Dortmund 44137,http://www.bvb.de,1909.0,Black / Yellow,Stadion Rote Erde,2022-10-19T16:22:48Z
554,Hallescher FC,Hallescher FC,HFC,https://crests.football-data.org/554.png,"ERDGAS Sportpark, Kantstraße 2 Halle an der Saale 06110",http://www.hallescherfc.de,1900.0,Red / White,ERDGAS Sportpark,2022-07-22T08:45:57Z
555,GFC Ajaccio,GFC Ajaccio,GAZ,https://crests.football-data.org/555.png,Route de Mezzavia Mezzavia 20167,http://www.gfca-foot.com,1910.0,Red / Blue,Stade Ange Casanova,2023-09-04T13:00:34Z
556,Nîmes Olympique,Nîmes Ol.,NÎM,https://crests.football-data.org/556.png,Stade des Costières 123<br>Avenue de la Bouvine Nîmes 30900,http://www.nimes-olympique.com,1901.0,Red / White,Stade des Costières,2024-07-29T17:22:37Z
557,Chamois Niortais FC,Niort,NIO,https://crests.football-data.org/557.png,66 rue Henri Sellier - BP 5 Niort 79001,http://www.chamoisniortais.fr,1925.0,Blue / White,Stade René Gaillard,2022-06-19T00:05:44Z
558,RC Celta de Vigo,Celta,CEL,https://crests.football-data.org/558.png,"Calle del Conde de Gondomar, 1 Vigo 36203",http://www.celtavigo.net,1923.0,Sky Blue / White,Estadio de Balaídos,2024-07-29T17:10:02Z
559,Sevilla FC,Sevilla FC,SEV,https://crests.football-data.org/559.png,"Calle Sevilla Fútbol Club, s/n Sevilla 41005",http://www.sevillafc.es,1905.0,White / Red,Estadio Ramón Sánchez Pizjuán,2024-07-29T17:09:57Z
560,RC Deportivo La Coruña,Deportivo,DEP,https://crests.football-data.org/560.png,"Plaza de Pontevedra, 19 A Coruña 15003",http://www.rcdeportivo.es,1906.0,Blue / White,Estadio Abanca-Riazor,2024-07-29T17:11:14Z
563,West Ham United FC,West Ham,WHU,https://crests.football-data.org/563.png,"Queen Elizabeth Olympic Park, London London E20 2ST",http://www.whufc.com,1895.0,Claret / Sky Blue,London Stadium,2022-02-19T08:09:25Z
565,FC Gueugnon,Gueugnon,FCG,https://crests.football-data.org/565.png,Avenue du Stade (Tribune Nord) Gueugnon 71130,http://www.fcgueugnon.fr,1940.0,Yellow / Blue,Stade Jean Laville,2023-09-04T10:33:21Z
567,Red Star FC,Red Star,RST,https://crests.football-data.org/567.png,"92, rue du Docteur Bauer Saint-Ouen 93400",http://www.redstar.fr,1897.0,Green / White,Stade de Paris,2023-09-04T12:54:30Z
569,Cannes,,,https://crests.football-data.org/569.png,null null null,,,,,2023-09-04T10:35:17Z
573,US Créteil-Lusitanos,Créteil,USC,http://upload.wikimedia.org/wikipedia/de/d/d1/US_Cr%C3%A9teil.svg,1 rue Vasco de Gama Créteil 94046,http://www.uscl.fr,1936.0,Blue / White,Stade Dominique Duvauchelle,2021-02-06T18:02:22Z
576,RC Strasbourg Alsace,Strasbourg,RC ,https://crests.football-data.org/576.png,12 Rue Extenwoerth Strasbourg 67000,http://www.rcstrasbourgalsace.fr,1906.0,Blue / White,Stade de la Meinau,2022-02-19T08:40:46Z
577,FC Martigues,Martigues,FCM,https://crests.football-data.org/577.png,31 Chemin de Paradis  BP 20053 Martigues 13692,http://www.fcmartigues.fr,1919.0,Red / Yellow,Stade Francis Turcan,2024-05-25T18:24:45Z
582,GD Estoril Praia,Estoril Praia,EST,https://crests.football-data.org/582.png,Estádio António Coimbra da Mota Estoril 2765,http://www.estorilpraia.pt,1939.0,Yellow / Blue,Estádio António Coimbra da Mota,2022-10-19T16:23:49Z
583,Moreirense FC,Moreirense,MOR,https://crests.football-data.org/583.png,Avenida Comendador Joaquim de Almeida Freitas Moreira de Cónegos 4815-270,http://www.moreirensefc.pt,1938.0,Green / White,P.D. Comendador Joaquim de Almeida Freitas,2023-03-05T07:40:05Z
584,UC Sampdoria,Sampdoria,SAM,https://crests.football-data.org/584.png,"Piazza Borgo Pila, 39 Genova 16129",http://www.sampdoria.it,1946.0,Blue / White / Red,Stadio Comunale Luigi Ferraris,2024-07-29T17:23:16Z
585,Delfino Pescara 1936,Pescara,PES,https://crests.football-data.org/585.png,"Via Sandro Pertini, 25, Fabbricato F Pescara 65129",http://www.pescaracalcio.com,1936.0,Sky Blue / White,Stadio Adriatico-Giovanni Cornacchia,2022-09-02T10:35:15Z
586,Torino FC,Torino,TOR,https://crests.football-data.org/586.png,Via Arcivescovado 1 Torino 10122,http://www.torinofc.it,1894.0,Brown / White,Stadio Olimpico di Torino,2024-04-09T16:20:07Z
587,Novara Calcio,Novara,NOV,https://crests.football-data.org/587.png,"Viale Kennedy, 8 Novara 28100",http://www.novaracalcio.com,1908.0,,Stadio Comunale Silvio Piola,2024-07-29T17:23:24Z
588,SS Juve Stabia,Juve Stabia,STA,https://crests.football-data.org/588.png,"Via G. Cosenza, 283 Castellammare di Stabia 80053",http://www.ssjuvestabia.it,1937.0,Yellow / Blue,Stadio Comunale Romeo Menti,2022-09-02T10:35:04Z
589,SS Virtus Lanciano,Lanciano,,http://upload.wikimedia.org/wikipedia/de/2/2c/Virtus_Lanciano.svg,null null null,,,,,2021-07-05T17:50:33Z
590,FC Pro Vercelli 1892,Pro Vercelli,PRO,https://crests.football-data.org/590.png,"Via Massaua, 1 Vercelli 13100",http://www.fcprovercelli.it,1892.0,,Stadio Silvio Piola,2022-09-02T10:18:18Z
591,AC Cesena,Cesena,CES,https://crests.football-data.org/591.png,"Viale dello Stadio, 124 Cesena 47023",https://calciocesena.com/,1940.0,Black / White,Stadio Dino Manuzzi,2023-09-04T13:08:18Z
593,AS Gubbio 1910,Gubbio,GUB,https://crests.football-data.org/593.png,Via Paruccini Gubbio 06024,http://www.asgubbio1910.net,1913.0,Red / Blue,Stadio Pietro Barbetti,2022-09-02T10:26:17Z
594,Nocerina,,,,null null null,,,,,2021-07-05T17:49:58Z
595,CD Mirandés,CD Mirandés,MIR,https://crests.football-data.org/595.png,"Calle de la Estación, 32 Miranda de Ebro 09200",http://www.cdmirandes.com,1927.0,Red / Black,Estadio Municipal de Anduva,2022-03-06T09:32:15Z
596,CD Lugo,Lugo,LUG,https://crests.football-data.org/596.png,"Calle San Roque, 59 Lugo 27002",http://www.cdlugo.com,1953.0,Red / White / Sky Blue,Estadio Anxo Carro,2022-07-26T17:35:06Z
598,Mersin Idman Yurdu,,,,null null null,,,,,2021-07-05T17:48:52Z
599,Eskişehirspor,Eskişehirspor,ESK,,"Vali Hanefi Demirkol Tesisleri, Çevreyolu Eskişehir 26010",http://www.eskisehirspor.org,1965.0,Black / Red,Yeni Eskişehir Stadyumu,2021-02-06T18:18:11Z
600,Beşiktaş JK,Beşiktaş,BES,https://crests.football-data.org/600.png,"Süleyman Seba Caddesi No. 48, BJK Plaza B Blok Giriş Kat, Akaretler İstanbul 34357",http://www.bjk.com.tr,1903.0,Black / White,Vodafone Arena,2022-10-24T14:43:53Z
601,Manisaspor,Manisaspor,MAN,,null Manisa null,http://www.manisaspor.org.tr,1965.0,Black / Red,19 Mayıs Stadyumu,2018-10-15T15:09:20Z
602,Trabzonspor,Trabzonspor,TRA,https://crests.football-data.org/602.png,"Trabzonspor Mehmet Ali Yılmaz Tesisleri, Ahmet Suat Özyazıcı Sokak No. 31-35, Havaalanı Altı Mevkii Trabzon 61080",http://www.trabzonspor.org.tr,1966.0,Maroon / Sky Blue,Şenol Güneş Stadyumu,2022-08-12T10:44:04Z
603,Samsunspor,Samsunspor,SAM,https://crests.football-data.org/603.png,null Samsun null,http://www.samsunspor.org.tr,1965.0,White / Red,Stadyum Samsun,2022-07-26T11:32:33Z
604,Gençlerbirliği SK,Gençlerbirliği,GEN,https://crests.football-data.org/604.png,"Çiftlik Caddesi No. 30, Beştepe Ankara 06510",http://www.genclerbirligi.org.tr,1923.0,Red / Black,Eryaman Stadyumu,2022-07-26T11:34:44Z
605,Fraport-TAV Antalyaspor,Antalyaspor,ANT,https://crests.football-data.org/605.png,"Meltem Mahallesi, 3802 Sokak No. 4, Hasan Subaşı Tesisleri Antalya 07030",http://www.antalyaspor.com.tr,1966.0,Red / White,Antalya 100.yıl Stadyumu,2022-10-24T14:43:29Z
606,Gaziantepspor,Gaziantepspor,GAZ,,"Şehirgösteren Mahallesi, 68005 Caddesi, Şehitkamil Gaziantep 27010",http://www.gaziantepspor.org.tr,1969.0,Red / Black,Kalyon Arena,2018-10-15T15:09:22Z
607,Bursaspor,Bursaspor,BUR,https://crests.football-data.org/607.png,"İzmir Yolu 4. Km Özlüce Kavşağı, Nilüfer Bursa 16110",http://www.bursaspor.org.tr,1963.0,Green / White,Timsah Arena,2023-04-14T16:24:02Z
608,Kayserispor,Kayserispor,KAY,https://crests.football-data.org/608.png,"Erkilet Bulvarı, Karpuzatan Mevkii, Kocasinan Kayseri 38080",http://www.kayserispor.org.tr,1975.0,Yellow / Red,Kadir Has Şehir Stadı,2022-10-24T14:43:32Z
609,Buyuksehyr,,,,null null null,,,,,2021-07-05T17:54:09Z
610,Galatasaray SK,Galatasaray,GAL,https://crests.football-data.org/610.png,"Türk Telekom Arena Stadyumu, Huzur Mahallesi, Şişli İstanbul 34415",http://www.galatasaray.org,1905.0,Red / Yellow,Türk Telekom Arena,2024-10-28T10:56:27Z
611,Qarabağ Ağdam FK,Qarabağ Ağdam,QAR,https://crests.football-data.org/611.png,"Bakı şəhəri.Suraxanı, qəsəbəsi Ağdam null",http://www.qarabagh.com,1951.0,Black / White,Tofiq Bəhramov adına Respublika stadionu,2022-08-12T10:43:56Z
612,Demir Grup Sivasspor,Sivasspor,SIV,https://crests.football-data.org/612.png,Atatürk Cad. Basak Sok. Hüseyin Yildirim Tesisleri Sivas null,http://www.sivasspor.org.tr,1967.0,Red / White,Sivas Arena,2022-10-24T14:43:37Z
613,Fenerbahçe SK,Fenerbahçe,FEN,https://crests.football-data.org/613.png,"Fenerbahçe Şükrü Saracoğlu Stadyumu, Bağdat Caddesi, Kadıköy İstanbul 34724",http://www.fenerbahce.org,1907.0,Yellow / Blue,Ülker Stadyumu Fenerbahçe Şükrü Saracoğlu Spor Kompleksi,2022-09-06T15:07:35Z
614,Orduspor,,,,null null null,,,,,2021-07-05T17:53:42Z
615,CS Pandurii Târgu-Jiu,Pandurii,PAN,,Strada Victoriei nr. 22 Târgu Jiu 210165,http://www.pandurii-tg-jiu.ro,1946.0,Blue / White,Stadionul Municipal Tudor Vladimirescu,2021-02-08T10:15:01Z
642,Atromitos,,ATR,https://crests.football-data.org/642.png,null null null,,,,,2023-06-26T14:28:59Z
643,PAS Giannina,PAS Giannina,GIA,https://crests.football-data.org/643.png,Tzavela 18 Ioannina 45332,http://www.fcpasgiannina.gr,1966.0,White / Blue,Stadio Zosimades,2023-06-26T14:28:57Z
644,Aris Thessaloniki FC,Thessaloniki,ARI,https://crests.football-data.org/644.png,null null null,,,,,2023-06-26T14:28:55Z
646,Panathinaikos AO,Panathinaikos,PAO,https://crests.football-data.org/646.png,"10 Ziridi Street, Maroussi Athína 15123",http://www.pao.gr,1891.0,Green / White,Olympiako Stadio Spyros Louis,2023-04-14T16:23:59Z
647,PAE Panionios GSS,Panionios,PAN,,Ioannou Chrysostomou 1 Nea Smyrni Athína 17122,http://www.panionios.gr,1890.0,Red / Blue,Stadio Néas Smírnis,2020-05-28T02:07:37Z
648,PAE Diethnis Enosis Ergotelis FC,Ergotelis,ERG,,null null null,http://www.ergotelis.gr,1929.0,Yellow / Black,,2020-05-21T02:57:34Z
649,PAOK Thessaloniki FC,,SAL,https://crests.football-data.org/649.png,null null null,,,,Stadio Toumbas,2024-12-17T10:58:08Z
654,PAE Olympiakos SFP,Olympiakos,OLY,https://crests.football-data.org/654.png,Plateia Alexandras Piraeus 18534,http://www.olympiacos.org,1925.0,Red / White,Stadio Georgios Karaiskáki,2022-07-27T09:07:24Z
655,Levadiakos,,LEV,https://crests.football-data.org/655.png,null null null,,,,,2023-06-26T14:28:53Z
657,PAE AEL 1964,Lárisa,AEL,,Erithrou Stavrou Str. 1-3 Lárisa 41221,http://www.e-ael.gr,1964.0,Burgundy / White,AEL Arena,2020-11-26T02:21:36Z
662,PAE Platanias,Platanias,PLA,,Geogioy Marampoytakh 99 Platanias 730 14,http://www.fcplatanias.gr,1931.0,Red / White,,2020-05-21T02:57:42Z
664,Veria FC,,,,null null null,,,,,2021-07-05T18:05:04Z
665,Roda JC Kerkrade,Roda JC,RJC,https://crests.football-data.org/665.png,Roda J.C. Ring 1 Kerkrade 6466 NH,https://www.rodajckerkrade.nl/,1962.0,Yellow / Black,Parkstad Limburg Stadion,2022-03-23T08:29:58Z
666,FC Twente '65,Twente,TWE,https://crests.football-data.org/666.png,Colosseum 65 Enschede 7521 PP,http://www.fctwente.nl,1965.0,Red / White,De Grolsch Veste,2022-03-24T17:06:27Z
668,VVV Venlo,Venlo,VVV,https://crests.football-data.org/668.png,Kaldenkerkerweg 182 Venlo 5915 AH,http://www.vvv-venlo.nl,1903.0,Yellow / Black,Seacon Stadion De Koel,2022-10-24T14:30:07Z
670,SBV Excelsior,Excelsior,EXC,https://crests.football-data.org/670.png,Honingerdijk 110 Rotterdam 3062 NX,http://www.sbvexcelsior.nl,1902.0,Red / Black,Van Donge & De Roo Stadion,2022-08-07T11:18:32Z
671,Heracles Almelo,Heracles,HER,https://crests.football-data.org/671.png,Stadionlaan 1 Almelo 7606 JZ,http://www.heracles.nl,1903.0,Black / White,Erve Asito,2022-03-22T10:10:18Z
672,Willem II Tilburg,Willem II,WII,https://crests.football-data.org/672.png,Goirleseweg 34 Tilburg 5026 PC,http://www.willem-II.nl,1896.0,Red / White / Blue,Koning Willem II Stadion,2022-03-24T17:06:41Z
673,SC Heerenveen,Heerenveen,HEE,https://crests.football-data.org/673.png,Abe Lenstra Boulevard 19 Heerenveen 8448 JA,http://www.sc-heerenveen.nl,1920.0,Blue / White,Abe Lenstra Stadion,2022-02-20T08:40:47Z
674,PSV,PSV,PSV,https://crests.football-data.org/674.png,Fredriklaan 10a Eindhoven 5616 NH,http://www.psv.nl,1913.0,Red / White,Philips Stadion,2022-03-06T09:30:40Z
675,Feyenoord Rotterdam,Feyenoord,FEY,https://crests.football-data.org/675.png,Van Zandvlietplein 3 Rotterdam 3007 AP,http://www.feyenoord.nl,1908.0,Red / White / Black,Stadion Feijenoord,2022-03-24T17:06:52Z
676,FC Utrecht,Utrecht,UTR,https://crests.football-data.org/676.png,Postbus 85159 Utrecht 3508 AD,http://www.fc-utrecht.nl,1970.0,Red / White,Stadion Galgenwaard,2022-03-24T17:07:00Z
677,FC Groningen,Groningen,GRO,https://crests.football-data.org/677.png,Boumaboulevard 41 Groningen 9701 BJ,http://www.fcgroningen.nl,1921.0,Green / White,Hitachi Capital Mobility Stadion,2022-03-22T10:10:56Z
678,AFC Ajax,Ajax,AJA,https://crests.football-data.org/678.png,ArenA Boulevard 29 Amsterdam 1101 AX,http://www.ajax.nl,1900.0,Red / White,Johan Cruyff ArenA,2022-03-22T10:11:05Z
679,SBV Vitesse,Vitesse,VIT,https://crests.football-data.org/679.png,Batavierenweg 25 Arnhem 6841 HN,http://www.vitesse.nl,1892.0,Yellow / Black,GelreDome,2022-03-22T10:09:28Z
680,ADO Den Haag,Den Haag,ADO,https://crests.football-data.org/680.png,Haags Kwartier 55 Den Haag 2491 BM,http://www.adodenhaag.nl,1905.0,Green / Yellow,Cars Jeans Stadion,2022-09-25T07:40:54Z
681,NAC Breda,NAC,NAC,https://crests.football-data.org/681.png,Postbus 3356 Breda 4800 DJ,http://www.nac.nl,1912.0,Yellow / White / Black,Rat Verlegh Stadion,2022-03-23T08:30:12Z
682,AZ,AZ,AZ,https://crests.football-data.org/682.png,Stadionweg 1 Alkmaar 1812 AZ,http://www.az.nl,1967.0,Red / White,AFAS Stadion,2022-03-22T10:11:18Z
683,RKC Waalwijk,RKC,RKC,https://crests.football-data.org/683.png,Akkerlaan 2 Waalwijk 5143 ND,http://www.rkcwaalwijk.nl,1940.0,Yellow / Blue,Mandemakers Stadion,2022-03-22T10:11:27Z
684,PEC Zwolle,Zwolle,ZWO,https://crests.football-data.org/684.png,Stadionplein 1 Zwolle 8025 CP,http://www.peczwolle.nl,1910.0,Blue / White,MAC³PARK Stadion,2022-03-22T10:11:39Z
689,FC Vaslui,,,,null null null,,,,,2021-10-06T16:30:39Z
691,Tirgu Mures,,,,null null null,,,,,
692,CS Mioveni,Mioveni,MIO,https://crests.football-data.org/692.png,Bulevardul Dacia Mioveni 115400,http://www.csmioveni.ro,2000.0,Yellow / Green,Stadionul Orăşenesc,2023-08-11T08:41:32Z
694,Vointa Sibiu,,,,null null null,,,,,
696,Ceahlaul Piatra-Neamt,,,,null null null,,,,,
698,AFC Astra Giurgiu,Astra Giurgiu,AGI,https://crests.football-data.org/698.png,"Str. Vasile Alecsandri, nr. 8 Giurgiu 80151",http://www.afcastra.ro,1934.0,Black / White,Stadionul Marin Anastasovici,2024-07-29T17:23:46Z
699,FC Brasov,,,,null null null,,,,,
701,Concordia Chiajna,,,,null null null,,,,,
702,Sportul Studentesc,,,,null null null,,,,,
704,Otelul Galati,,GAL,https://crests.football-data.org/704.png,null null null,,,,Stadionul Otelul,2024-12-17T11:00:11Z
705,CSS Drobeta Turnu Severin,CSS Drobeta,,,null null null,,,,,
706,CSM Iasi,,,,null null null,,,,,
707,Gloria Bistrita,,,,null null null,,,,,
708,Farul Constanța,Farul,FCO,https://crests.football-data.org/708.png,Bulevardul Mamaia 208 Constanța null,http://www.fcviitorul.ro,2009.0,Blue / Black,Stadionul Central,2022-11-18T13:03:54Z
712,FC Arouca,Arouca,FCA,https://crests.football-data.org/712.png,Rua Doutor Ângelo Miranda Arouca 4540-140,http://www.fcarouca.eu,1952.0,Yellow / Blue,Estádio Municipal de Arouca,2022-02-25T16:58:25Z
713,Carpi FC 1909,Carpi FC,CAR,https://upload.wikimedia.org/wikipedia/uk/0/0b/Carpi_FC_1909_logo.png,Via Carlo Marx 26 Carpi 41012,http://www.carpifc1909.it,1909.0,White / Red,Stadio Sandro Cabassi,2021-02-06T18:09:33Z
715,Cardiff City FC,Cardiff,CAR,https://crests.football-data.org/715.png,"Cardiff City Stadium, Leckwith Road Cardiff CF11 8AZ",http://www.cardiffcityfc.co.uk,1899.0,Blue / White,Cardiff City Stadium,2022-02-19T08:59:02Z
718,Go Ahead Eagles,Go Ahead,GOA,https://crests.football-data.org/718.png,Vetkampstraat 1 Deventer 7416 WK,http://www.ga-eagles.nl,1902.0,Red / Yellow,De Adelaarshorst,2022-03-22T10:09:14Z
719,SV 07 Elversberg,Elversberg,ELV,https://crests.football-data.org/719.png,St. Ingberter Straße 8 Spiesen-Elversberg 66583,http://www.sv07elversberg.de,1907.0,Black / White,Ursapharm-Arena an der Kaiserlinde,2022-07-22T08:44:52Z
720,Holstein Kiel,Holstein Kiel,KSV,https://crests.football-data.org/720.png,Steenbeker Weg 150 Kiel 24106,http://www.holstein-kiel.de,1844.0,Blue / Red / White,Holstein-Stadion,2022-05-30T07:15:34Z
721,RB Leipzig,RB Leipzig,RBL,https://crests.football-data.org/721.png,Neumarkt 29-33 Leipzig 04109,http://www.dierotenbullen.com,2009.0,White / Red,Red Bull Arena,2022-02-19T09:03:00Z
722,US Latina,Latina,LAT,https://crests.football-data.org/722.png,null null null,,,,,2024-07-29T17:23:54Z
723,Trapani Calcio,Trapani,TRA,https://crests.football-data.org/723.png,Via Orlandini 48 Trapani 91100,http://www.trapanicalcio.it,1905.0,Maroon / White,Stadio Polisportivo Provinciale,2024-07-29T17:24:04Z
726,RSC Anderlecht,Anderlecht,AND,https://crests.football-data.org/726.png,Avenue Théo Verbeecklaan 2 Brussels 1070,http://www.rsca.be,1908.0,Purple / White,Lotto Park,2023-03-27T22:26:58Z
729,FC Basel 1893,Basel,BAS,http://upload.wikimedia.org/wikipedia/commons/c/c5/FC_Basel.png,Birsstr. 320 A Basel 4002,http://www.fcb.ch,1893.0,Red / Blue,St. Jakob-Park,2020-11-26T02:23:35Z
731,FK Zenit Sankt-Petersburg,Zenit,ZEN,https://crests.football-data.org/731.png,Pr. Dobrolyubova 16/2-А Sankt-Petersburg 197198,http://www.fc-zenit.ru,1925.0,Blue / White,Gazprom Arena,2023-03-05T07:40:15Z
732,Celtic FC,Celtic,CEL,https://crests.football-data.org/732.png,Celtic Park Glasgow G40 3RE,http://www.celticfc.co.uk,1887.0,Green / White,Celtic Park,2022-03-06T09:30:12Z
734,NK Maribor,Maribor,MAR,https://crests.football-data.org/734.png,Mladinska ulica 29 Maribor 292000,http://www.nkmaribor.com,1919.0,Violet / Yellow,Ljudski vrt,2022-09-06T15:07:17Z
740,1. FSV Mainz 05 II,Mainz 05 II,MAI,https://crests.football-data.org/740.png,Dr.-Martin-Luther-King-Weg 20 Mainz 55122,http://www.mainz05.de,1905.0,Red / White,Stadion am Bruchweg,2022-05-13T08:13:03Z
741,SG Sonnenhof Großaspach,Großaspach,GRO,http://upload.wikimedia.org/wikipedia/de/1/1d/SG_Sonnenhof.svg,Fautenhau 1 Aspach 71546,http://www.sg94.de,1994.0,Red / Black,WIRmachenDRUCK Arena,2020-11-26T02:06:11Z
742,US Orléans Loiret,Orléans,USO,https://crests.football-data.org/742.png,7 rue beaumarchais Orléans 45100,http://www.usofoot.com,1920.0,Red / Yellow,Stade de la Source,2023-09-04T13:02:30Z
745,CD Leganés,Leganés,LEG,https://crests.football-data.org/745.png,"Calle Arquitectura, s/n Leganés 28914",http://www.deportivoleganes.com,1928.0,Blue / White,Estadio Municipal de Butarque,2022-02-20T08:40:13Z
747,ACD Virtus Entella,Virtus Entella,ENT,https://crests.football-data.org/747.png,via Aldo Gastaldi 22 Chiavari 16043,http://www.entella.it,1914.0,White / Light Blue,Stadio Comunale Chiavari,2022-09-02T10:30:18Z
748,FK BATE Barysaŭ,BATE,BAT,http://upload.wikimedia.org/wikipedia/de/thumb/0/0a/Logo_BATE_Baryssau.svg/150px-Logo_BATE_Baryssau.svg.png,"Praspiekt Revaliucyi, 16 Barysaŭ 222515",http://www.fcbate.by,1973.0,Blue / Yellow,Borisov Arena,2020-09-10T02:45:11Z
749,Malmö FF,Malmö FF,MAL,https://crests.football-data.org/749.png,Box 19067 Malmö 20073,http://www.mff.se,1910.0,Light Blue / White,Eleda Stadion,2022-09-06T15:06:57Z
752,APOEL FC,APOEL,APO,https://crests.football-data.org/752.png,Dimofontos Str 39 Nicosia 1075,http://www.apoelfc.com.cy,1926.0,Yellow / Blue,Neo GSP,2022-08-12T11:39:44Z
754,FK Spartak Moskva,Spartak Moskva,SPA,https://crests.football-data.org/754.png,"Krasnopresnenskaja naberezhnaja, dom 10 str. 4 Moskva 123100",http://www.spartak.com,1922.0,Red / White,Otkrytie Arena,2023-03-05T07:40:21Z
755,GNK Dinamo Zagreb,Dinamo Zagreb,DIN,https://crests.football-data.org/755.png,Maksimirska 128 Zagreb 10000,http://gnkdinamo.hr,1903.0,Blue / White,Stadion Maksimir,2022-08-12T10:44:22Z
756,Netherlands,Netherlands,NLD,https://crests.football-data.org/756.png,Woudenbergseweg 56-58 / Postbus 515 Zeist 3700 AM,http://www.knvb.nl,1889.0,Orange / White / Blue,Stadion De Blauwe Kei,2023-06-02T09:57:15Z
757,KSKL Ternat,,,,Stationsstraat 35a Ternat 1740,http://www.ksklternat.be,1950.0,Red / Blue,,2018-05-31T17:02:53Z
758,Uruguay,Uruguay,URU,https://crests.football-data.org/758.svg,Guayaybo 1531 Montevideo 11200,http://www.auf.org.uy,1900.0,Sky Blue / White / Black,Estadio Centenario,2021-05-22T11:54:30Z
759,Germany,Germany,GER,https://crests.football-data.org/759.svg,Otto-Fleck-Schneise 6 / Postfach 710265 Frankfurt am Main 60492,http://www.dfb.de,1900.0,White / Black,RheinEnergieSTADION,2021-05-26T09:46:39Z
760,Spain,Spain,ESP,https://crests.football-data.org/760.svg,"Ramón y Cajal, s/n Las Rozas 28230",http://www.rfef.es,1909.0,Red / Blue / Yellow,Estadio Alfredo Di Stéfano,2021-05-26T09:46:48Z
761,Paraguay,Paraguay,PAR,https://crests.football-data.org/761.svg,Calle Mayor Martínez 1393 Asunción null,http://www.apf.org.py,1906.0,Red / White / Blue,,2021-05-22T11:35:25Z
762,Argentina,Argentina,ARG,https://crests.football-data.org/762.png,"Viamonte 1366/76 Buenos Aires, Buenos Aires 1053",http://www.afa.org.ar,1893.0,Sky Blue / White / Black,,2022-05-17T21:09:25Z
763,Ghana,Ghana,GHA,https://crests.football-data.org/ghana.svg,South East Ridge Accra 19338,http://www.ghanafa.org,1957.0,White / Black,Cape Coast Sports Stadium,2024-01-11T10:13:37Z
764,Brazil,Brazil,BRA,https://crests.football-data.org/764.svg,"Rua Victor Civita 66 Bloco 1, Edifico 5 Rio de Janeiro, RJ 22775-044",http://www.cbf.com.br/,1914.0,Yellow / Green / Blue,,2021-05-22T11:31:45Z
765,Portugal,Portugal,POR,https://crests.football-data.org/765.svg,"Rua Alexandre Herculano, 58 Lisboa 1250-012",http://www.fpf.pt,1914.0,Red / Green,Estádio José Alvalade,2021-05-26T09:46:58Z
766,Japan,Japan,JPN,https://crests.football-data.org/766.svg,"JFA House Football Avenue, Bunkyo-ku Tōkyō 113-8311",http://www.jfa.or.jp,1921.0,Blue / White,Stadion Galgenwaard,2022-04-02T10:44:23Z
767,Chile,Chile,CHI,https://crests.football-data.org/767.svg,"Avenida Quilín 5635, Comuna Peñalolén Santiago null",http://www.anfp.cl,1895.0,Red / White / Blue,,2021-05-22T11:31:11Z
768,Slovakia,Slovakia,SVK,https://crests.football-data.org/768.svg,Trnavská 100 Bratislava 82101,http://www.futbalsfz.sk,1938.0,Blue / White,City Arena Trnava,2021-05-26T19:20:07Z
769,Mexico,Mexico,MEX,https://crests.football-data.org/769.svg,"Colima #373, Colonia Roma Norte, Del. Cuauhtémoc Ciudad de México 6700",http://www.femexfut.org.mx,1927.0,Green / White / Red,Levi's Stadium,2023-07-31T12:06:04Z
770,England,England,ENG,https://crests.football-data.org/770.svg,"Wembley Stadium, PO Box 1966 London SW1P 9EQ",http://www.thefa.com,1863.0,White / Red / Navy Blue,Wembley Stadium,2021-05-26T09:47:50Z
771,United States,USA,USA,https://crests.football-data.org/usa.svg,"1801 South Prairie Ave Chicago, IL 90266",http://www.ussoccer.com,1913.0,White / Navy Blue / Red,Raymond James Stadium,2022-04-02T10:43:52Z
772,South Korea,Korea Republic,KOR,https://crests.football-data.org/772.png,"1-131 Sinmunno, 2-ga Jongno-Gu Seoul 110-062",http://www.kfa.or.kr,1928.0,Red / White / Blue,,2022-04-02T10:45:25Z
773,France,France,FRA,https://crests.football-data.org/773.svg,87 Boulevard de Grenelle Paris 75738,http://www.fff.fr,1919.0,Blue / White / Red,Stade de France,2021-05-26T09:47:59Z
774,South Africa,South Africa,RSA,https://crests.football-data.org/9396.svg,"76 Nasrec Road Johannesburg, Gauteng 2190",http://www.safa.net,1991.0,Gold / Green / Black,,2021-07-26T12:30:47Z
775,Greece,Greece,GRE,https://crests.football-data.org/775.svg,Goudi Park / PO Box 14161 Athína 11510,http://www.epo.gr,1926.0,Blue / White,Olympiako Stadio Spyros Louis,2021-04-05T07:08:56Z
776,Nigeria,Nigeria,NGA,https://crests.football-data.org/nigeria.svg,Olusegun Obasanjo Way Abuja null,http://www.thenff.com,1945.0,Green / White,,2021-11-19T09:10:58Z
777,Slovenia,Slovenia,SVN,https://crests.football-data.org/777.svg,Brnčičeva 41g / PO Box 3986 Ljubljana 1231,http://www.nzs.si,1920.0,Green / White,Stadion Stožice,2024-05-16T15:42:31Z
778,Algeria,Algeria,ALG,https://crests.football-data.org/algeria.svg,"Chemin Ahmed Ouaked, BP 39 Dely-Ibrahim Alger 16000",http://www.faf.dz,1962.0,White / Green,,2021-11-12T09:28:02Z
779,Australia,Australia,AUS,https://crests.football-data.org/779.svg,"Locked Bag A 4071 Sydney, NSW NSW 1235",http://www.footballaustralia.com.au,1961.0,Gold / Green,,2021-05-22T11:30:43Z
780,Serbia,Serbia,SRB,https://crests.football-data.org/780.svg,Terazije 35 / CP 263 Beograd 11000,http://www.fss.rs,1919.0,Red / Blue / White,Stadion Rajko Mitić,2022-04-02T10:42:59Z
781,Cameroon,Cameroon,CMR,https://crests.football-data.org/cameroon.svg,"Avenue du 27 Août 1940, Tsinga Yaoundé 1116",http://www.fecafoot-officiel.com,1959.0,Green / Red / Yellow,,2022-04-02T10:42:41Z
782,Denmark,Denmark,DEN,https://crests.football-data.org/782.svg,"House of Football, DBU Allé 1 Brøndby 2605",http://www.dbu.dk,1889.0,Red / White,Telia Parken,2021-05-26T10:45:14Z
783,New Zealand,New Zealand,NZL,https://crests.football-data.org/783.svg,"North Harbour Stadium, Stadium Drive Auckland null",http://www.nzfootball.co.nz,1891.0,White / Black,,2021-07-26T12:28:30Z
784,Italy,Italy,ITA,https://crests.football-data.org/784.svg,"Via Gregorio Allegri, 14 / CP 2450 Roma 00198",http://www.figc.it,1898.0,Blue / White,Stadio Artemio Franchi,2021-05-26T10:29:34Z
788,Switzerland,Switzerland,SUI,https://crests.football-data.org/788.svg,Worbstrasse 48 Bern 3000,http://www.football.ch,1895.0,Red / White,St. Jakob-Park,2021-05-26T10:29:27Z
789,Honduras,,,https://crests.football-data.org/honduras.svg,null null null,,,,,2021-11-19T09:04:06Z
790,Ukraine,Ukraine,UKR,https://crests.football-data.org/790.svg,Provulok Laboratorniy 7-A / PO Box 55 Kyïv 01133,http://www.ffu.org.ua,1991.0,Yellow / Blue,NSK Olimpijs'kyj,2021-06-02T14:19:45Z
791,Ecuador,Ecuador,ECU,https://crests.football-data.org/791.svg,Avenida Las Aguas y Calle Alianza Guayaquil 593,http://www.ecuafutbol.org,1925.0,Yellow / Blue / Red,,2022-11-10T15:13:40Z
792,Sweden,Sweden,SWE,https://crests.football-data.org/792.svg,Evenemangsgatan 31 / Box 1216 Solna 17123,http://www.svenskfotboll.se,1904.0,Yellow / Blue,Friends Arena,2021-05-26T10:29:20Z
793,Costa Rica,Costa Rica,CRC,https://crests.football-data.org/costa_rica.svg,Radial Santa Ana Belén San José 670-1000,http://www.fedefutbol.com,1921.0,Red / Blue / White,Cosmos Arena,2022-11-01T10:50:09Z
794,Poland,Poland,POL,https://crests.football-data.org/794.svg,"Bitwy Warszawskiej 1920 r., 7 Warszawa 02366",http://www.pzpn.pl,1919.0,White / Red,Stadion Energa Gdańsk,2021-05-26T09:49:02Z
795,Trinidad and Tobago,,,https://crests.football-data.org/795.png,null null null,,,,,2024-03-28T08:16:08Z
796,Serbia and Montenegro,,,,null null null,,,,,2021-10-06T16:36:55Z
797,Angola,Angola,ANG,https://crests.football-data.org/angola.svg,"Senado de Camara, Complex da Cidadela Desportiva Luanda 3449",http://www.faf.co.ao,1979.0,Red / Black,,2021-11-12T09:25:08Z
798,Czechia,Czechia,CZE,https://crests.football-data.org/798.svg,Diskařská 2431/4 Praha 16017,http://www.fotbal.cz,1901.0,Red / White / Blue,Sinobo Stadium,2024-05-14T22:53:38Z
799,Croatia,Croatia,CRO,https://crests.football-data.org/799.svg,"Ulica grada Vukovara, 269 A Zagreb 10000",http://www.hns-cff.hr,1912.0,Red / White / Blue,Stadion Maksimir,2021-05-26T10:28:24Z
800,Togo,Togo,TOG,https://crests.football-data.org/800.png,Route de Kegué Lomé null,http://www.ftftogo.com,1960.0,Yellow / Green,,2025-01-27T15:50:40Z
801,Saudi Arabia,Saudi Arabia,KSA,https://crests.football-data.org/saudi_arabia.svg,"Al Mather Quarter, Prince Faisal bin Fahad Street, P.O. Box 5844 ar-Riyāḍ 11432",http://www.thesaff.com.sa,1956.0,White / Green,,2022-04-02T10:42:19Z
802,Tunisia,Tunisia,TUN,https://crests.football-data.org/tunisia.svg,Stade Annexe d'El Menzah Tunis 1003,http://www.ftf.org.tn,1957.0,White / Red,,2022-04-02T10:41:55Z
803,Turkey,Turkey,TUR,https://crests.football-data.org/803.svg,"Istinye Mahallesi, Darüşşafaka Caddesi, 45 İstanbul 34330",http://www.tff.org,1923.0,Red / White,Ali Sami Yen Stadyumu,2021-05-26T10:28:10Z
804,Senegal,Senegal,SEN,https://crests.football-data.org/senegal.svg,"VDN-Ouest-Foire en face du CICES, Boite postale 13021 Dakar null",http://www.fsfoot.sn,1960.0,White / Green,,2022-04-02T10:41:30Z
805,Belgium,Belgium,BEL,https://crests.football-data.org/805.svg,"145, avenue Houba de Strooper Brussels 1020",https://www.rbfa.be,1895.0,Red / Black / Yellow,King Power at Den Dreef Stadion,2021-05-26T10:28:44Z
806,Ireland,Ireland,IRL,https://crests.football-data.org/806.svg,"National Sports Campus, Abbotstown Dublin 15",http://www.fai.ie,1921.0,Green / White / Orange,Aviva Stadium,2023-06-16T07:31:23Z
808,Russia,Russia,RUS,https://crests.football-data.org/808.svg,"Ulitsa Narodnaya, 7 Moskva 115172",http://www.rfs.ru,1912.0,Red / White / Blue,VTB Arena,2021-05-29T10:09:02Z
809,FC Penafiel,Penafiel,PEN,https://crests.football-data.org/809.png,"Rua de O Penafidelense, 49 Penafiel 4560-499",http://www.fcpenafiel.pt,1951.0,Red / Black,Estádio Municipal 25 de Abril,2023-09-02T13:15:13Z
810,Boavista FC,Boavista,BOA,https://crests.football-data.org/810.png,"Rua O Primeiro de Janeiro, Boavista Porto 4100-127",http://www.boavistafc.pt,1903.0,Black / White,Estádio do Bessa Século XXI,2022-07-26T17:39:01Z
811,Romania,Romania,ROU,https://crests.football-data.org/811.svg,"Strada Vasile Şerbănică, 12 Bucureşti 022186",http://www.frf.ro,1909.0,Yellow / Blue / Red,Stadionul Ilie Oană,2024-05-16T15:42:03Z
812,Yugoslavia,,,https://crests.football-data.org/812.svg,null null null,,,,,2024-06-14T10:56:16Z
813,Norway,Norway,NOR,https://crests.football-data.org/813.svg,"Serviceboks 1, Ullevaal stadion Oslo 0840",http://www.fotball.no,1902.0,Red / White / Navy Blue,Intility Arena,2023-04-05T11:10:07Z
814,Scotland,Scotland,SCO,https://crests.football-data.org/814.svg,Hampden Park Glasgow G42 9AY,http://www.scottishfa.co.uk,1873.0,Navy Blue / White,St. Mirren Park,2024-06-14T10:56:38Z
815,Morocco,Morocco,MAR,https://crests.football-data.org/morocco.svg,"51 bis, Avenue Ibn Sina Rabat 10000",http://www.frmf.ma,1955.0,Red / Green,,2022-04-02T10:40:28Z
816,Austria,Austria,AUT,https://crests.football-data.org/816.svg,"Ernst-Happel-Stadion, Sektor A/F, Meiereistraße 7 Wien 1020",http://www.oefb.at,1904.0,Red / White / Black,Ernst-Happel-Stadion,2021-05-28T19:09:15Z
817,Bulgaria,Bulgaria,BUL,https://crests.football-data.org/817.png,"ulitsa ""Tsar Ivan Asen II"", 26 Sofia 1124",http://www.bfunion.bg,1923.0,White / Red / Green,Stadion Vasil Levski,2023-06-16T08:18:09Z
818,Colombia,Colombia,COL,https://crests.football-data.org/818.svg,Avenida 32 no. 16-22 Bogotá null,http://www.fcf.com.co,1924.0,Yellow / Red / Blue,,2021-05-22T11:29:53Z
819,Jamaica,Jamaica,JAM,https://crests.football-data.org/jamaica.svg,20 St. Lucia Crescent Kingston null,http://www.jamaicafootballfederation.com,1910.0,Gold / Black / Green,,2024-06-06T15:48:57Z
820,Bolivia,Bolivia,BOL,https://crests.football-data.org/820.svg,Avenida Libertador Bolívar 1168 Cochabamba null,http://www.fbf.com.bo,1925.0,Green / White,,2021-05-22T11:29:26Z
821,West Germany,,,,null null null,,,,,2021-10-06T16:35:19Z
822,Czechoslovakia,,,https://crests.football-data.org/798.svg,null null null,,,,,2024-06-14T10:57:14Z
823,USSR,,,,null null null,,,,,2021-10-06T16:37:34Z
825,Egypt,Egypt,EGY,https://crests.football-data.org/825.svg,"5, Gabalaya Street, El Gezira Cairo null",http://www.efa.com.eg,1921.0,Red / White / Black,,2021-07-26T12:19:29Z
827,Hungary,Hungary,HUN,https://crests.football-data.org/827.svg,Kánai út 2/d Budapest 1112,http://www.mlsz.hu,1901.0,Red / White / Green,Puskás Aréna,2021-05-28T19:08:20Z
828,Canada,Canada,CAN,https://crests.football-data.org/canada.svg,null null null,,,,,2022-10-07T08:25:45Z
829,Northern Ireland,North. Ireland,NIR,https://crests.football-data.org/829.svg,20 Windsor Avenue Belfast BT9 6EG,http://www.irishfa.com,1880.0,Green / White,Windsor Park,2021-04-05T07:09:21Z
830,El Salvador,,,https://crests.football-data.org/el_salvador.svg,null null null,,,,,2021-11-19T09:06:20Z
832,Peru,Peru,PER,https://crests.football-data.org/832.svg,Avenida Aviación 2085 Lima null,http://www.fpf.org.pe,1922.0,White / Red,,2021-05-22T11:28:49Z
833,Wales,Wales,WAL,https://crests.football-data.org/833.svg,"11/12 Neptune Court, Vanguard Way Cardiff CF24 5PJ",http://www.faw.org.uk,1876.0,Red / White,Cardiff City Stadium,2021-05-28T19:08:03Z
834,DDR,,,,null null null,,,,,2021-10-13T11:59:52Z
835,Zaire,,,,null null null,,,,,2021-10-06T17:00:58Z
836,Haiti,Haiti,HAI,https://crests.football-data.org/haiti.svg,Stade Sylvio Cator Port-au-Prince null,http://fhfhaiti.com,1904.0,Blue / White / Red,Stade Sylvio Cator,2021-11-19T09:07:30Z
838,Cuba,,,https://crests.football-data.org/838.png,null null null,,,,,2024-03-28T08:16:08Z
839,Dutch East Indies,,,,null null null,,,,,2021-10-06T17:01:41Z
840,Iran,Iran,IRN,https://crests.football-data.org/iran.svg,No. 2/2 Third St. Seoul Avenue Tehrān 19958-7359,http://www.ffiri.ir,1920.0,White / Green / Red,,2022-04-02T10:38:42Z
842,FK Dynamo Kyiv,Dynamo Kyiv,DYN,https://crests.football-data.org/842.png,"Vulitsa Grushevskogo, 3 Kyïv 01001",http://www.fcdynamo.kiev.ua,1927.0,White / Blue,NSK Olimpijs'kyj,2022-08-12T10:43:33Z
850,FK Partizan Beograd,Partizan,PAR,https://crests.football-data.org/850.png,Humska 1 Beograd null,http://www.partizan.rs,1945.0,Black / White,Stadion Partizana,2022-10-27T17:28:45Z
851,Club Brugge KV,Club Brugge,CLU,https://crests.football-data.org/851.png,Olympialaan 74 Brugge 8200,http://www.clubbrugge.be,1894.0,Blue / Black,Jan Breydelstadion,2024-09-19T13:47:01Z
882,FK Rubin Kazan,Rubin Kazan,RUB,https://crests.football-data.org/882.png,"str. Kopylova, 2 Kazan 420036",http://www.rubin-kazan.ru,1936.0,Red / Green,Kazan Arena,2023-03-05T07:43:21Z
884,Maccabi Haifa FC,Maccabi Haifa,MHA,https://crests.football-data.org/884.png,Heinrich Heine Str. 14 Haifa 33264,http://mhaifafc.com,1913.0,Green / White,Sammy Ofer Stadium,2022-07-27T09:07:37Z
889,Rosenborg BK,Rosenborg,RBK,https://crests.football-data.org/889.png,"Postboks 6390, Sluppen Trondheim 7492",http://www.rbk.no,1917.0,Black / White,Lerkendal Stadion,2023-02-23T11:10:56Z
907,AC Sparta Praha,Sparta Praha,SPP,https://crests.football-data.org/907.png,Milady Horakove 1066/98 Praha 17082,http://www.sparta.cz,1893.0,Blue / Yellow / Red,Generali Arena,2023-04-14T16:34:35Z
910,Omonia Nicosia,,ONI,https://crests.football-data.org/910.png,null null null,,,,,2023-04-14T17:47:54Z
916,Inter Baku,,,https://crests.football-data.org/916.png,null null null,,,,,2023-08-19T19:27:21Z
928,PFK Levski Sofia,Levski Sofia,LEV,https://crests.football-data.org/928.png,Ulitsa Todorini Kukli 47 Sofia 1517,https://www.levski.bg/,1914.0,Blue / White,Stadion Georgi Asparuhov,2023-04-14T16:33:24Z
930,SK Slavia Praha,Slavia Praha,SLP,https://crests.football-data.org/930.png,Vladivostocká 1460/2 Praha 10005,http://www.slavia.cz,1892.0,Red / White,Sinobo Stadium,2023-03-05T07:43:40Z
946,Aalborg BK,Aalborg,ABK,https://crests.football-data.org/946.png,Hornevej 2 Aalborg 9220,http://www.aabsport.dk,1885.0,Red / White,Aalborg Portland Park,2023-03-28T08:26:02Z
949,Petržalka,,FC ,https://crests.football-data.org/949.png,null null null,,,,,2023-04-14T16:35:00Z
1001,NK Široki Brijeg,Široki Brijeg,ŠIR,,Fra Didaka Buntića bb Široki Brijeg 88220,http://www.nk-sirokibrijeg.com,1948.0,Blue,Stadion Pecara,2020-11-26T02:03:33Z
1003,FC Thun,Thun,THU,https://crests.football-data.org/1003.png,Weststrasse 12 Thun 3604,http://www.fcthun.ch,1898.0,Red / White,Stockhorn Arena,2023-04-14T16:34:47Z
1042,Football Bourg en Bresse Péronnas 01,Bourg Péronnas,FBB,https://crests.football-data.org/1042.png,1 rue du stade Péronnas 01960,http://www.fcbourgperonnas.fr,1942.0,Blue / White,Stade Marcel-Verchère,2023-09-04T12:52:22Z
1044,AFC Bournemouth,Bournemouth,BOU,https://crests.football-data.org/bournemouth.png,"Dean Court, Kings Park Bournemouth BH7 7AF",http://www.afcb.co.uk,1890.0,Red / Black,Vitality Stadium,2024-08-29T08:54:34Z
1045,Paris FC,Paris FC,PFC,https://crests.football-data.org/1045.png,17 rue Neuve Tolbiac Paris 75013,http://www.parisfootballclub.com,1969.0,Navy Blue / Sky Blue,Stade Sébastien Charléty,2022-06-19T00:04:35Z
1046,Athletic Bilbao B,Athletic Club II,,https://crests.football-data.org/77.png,null null null,,,,,2022-05-03T12:59:12Z
1048,Real Oviedo,Real Oviedo,OVI,https://crests.football-data.org/1048.png,"Ricardo Vázquez Prada, s/n Oviedo 33013",http://www.realoviedo.es,1926.0,Blue / White,Estadio Nuevo Carlos Tartiere,2022-07-26T17:35:02Z
1049,CD Tondela,Tondela,TON,https://crests.football-data.org/1049.png,Av. Eurico José Gouveia (Estádio) - Apartado 84 Tondela 3460-582,http://www.cdtondela.pt,1933.0,Green / Yellow,Estádio João Cardoso,2023-03-05T07:37:49Z
1052,CF União da Madeira,União Madeira,UNI,https://upload.wikimedia.org/wikipedia/en/0/0f/UMadeira.png,"Av. Arriaga, 75-2.º - Sala 202 Funchal 9000-000",http://www.uniaodamadeira.com,1913.0,Yellow / Blue,Cristiano Ronaldo Campus Futebol,2020-10-28T12:18:49Z
1054,1. FC Magdeburg,Magdeburg,FCM,https://crests.football-data.org/1054.png,Friedrich-Ebert-Str. 62 Magdeburg 39114,http://www.1fcm.de,1945.0,Blue / White,MDCC-Arena,2022-07-12T12:07:11Z
1055,FC Würzburger Kickers,Würzburg,WUR,https://crests.football-data.org/1055.png,Mittlerer Dallenbergweg 49 Würzburg 97082,http://www.wuerzburger-kickers.de,1907.0,Red / White,flyeralarm Arena,2023-05-01T09:27:16Z
1057,KAA Gent,KAA Gent,GEN,https://crests.football-data.org/1057.png,Bruiloftstraat 42 Gent 9050,http://www.kaagent.be,1864.0,Blue / White,GHELAMCO-arena,2024-09-19T13:55:19Z
1060,Bosnia-Herzegovina,Bosnia-H.,BIH,https://crests.football-data.org/bosnia.svg,"Ulica Ferhadija, 30 Sarajevo 71000",http://www.nfsbih.ba,1992.0,White / Blue,Stadion Bilino Polje,2021-11-19T09:13:24Z
1061,Israel,Israel,ISR,https://crests.football-data.org/israel.svg,"Aba Hillel Street, 299 / PO Box 3591 Ramat Gan 52134",http://www.football.org.il,1928.0,Blue / White,Winner Stadium,2021-11-12T09:24:17Z
1062,Latvia,Latvia,LVA,https://crests.football-data.org/latvia.svg,Grostonas iela 6B Rīga 1013,http://www.lff.lv,1921.0,Maroon / White,Daugavas Stadionā,2021-11-19T09:20:28Z
1065,Albania,Albania,ALB,https://upload.wikimedia.org/wikipedia/commons/3/36/Flag_of_Albania.svg,Rruga e Elbasanit 9 Tiranë 1000,http://www.fshf.org,1930.0,Red / Black,Air Albania Stadium,2021-04-05T07:09:29Z
1066,Iceland,Iceland,ISL,https://crests.football-data.org/iceland.svg,Laugardal Reykjavík 104,http://www.ksi.is,1947.0,Blue / White,Laugardalsvöllur,2022-05-02T11:32:13Z
1067,Bradford City AFC,Bradford City,BRA,https://crests.football-data.org/1067.png,Valley Parade Bradford BD8 7DY,http://www.bradfordcityfc.co.uk,1876.0,Claret / Orange,Northern Commercials Stadium,2022-08-12T11:10:13Z
1068,Bury FC,Bury,BUR,https://crests.football-data.org/1068.png,"Gigg Lane Bury, Lancashire BL9 9HR",http://www.buryfc.co.uk,1885.0,White / Blue,,2024-02-27T05:12:39Z
1069,Southend United FC,Southend Utd,SOU,https://crests.football-data.org/1069.png,Victoria Avenue Southend-on-Sea SS2 6NQ,http://www.southendunited.co.uk,1906.0,Navy Blue / White,Roots Hall Stadium,2024-10-28T09:35:03Z
1071,Doncaster Rovers FC,Doncaster,DON,https://crests.football-data.org/1071.png,"Stadium Way, Lakeside Doncaster DN4 5JW",http://www.doncasterroversfc.co.uk,1879.0,Red / White / Black,Keepmoat Stadium,2022-10-28T10:52:24Z
1072,Burton Albion FC,Burton Albion,BUR,https://crests.football-data.org/1072.png,Princess Way Burton-on-Trent DE13 0AR,http://www.burtonalbionfc.co.uk,1950.0,Yellow / Black,Pirelli Stadium,2022-10-28T10:54:15Z
1073,Fleetwood Town FC,Fleetwood Town,FLT,https://crests.football-data.org/1073.png,Park Avenue Fleetwood FY7 6TX,http://www.fleetwoodtownfc.com,1908.0,Red / White,Highbury Stadium,2023-08-14T09:54:16Z
1074,Crewe Alexandra FC,Crewe Alex,CRE,https://crests.football-data.org/1074.png,Gresty Road Crewe CW2 6EB,http://www.crewealex.net,1877.0,Red / White,Alexandra Stadium,2022-02-19T09:02:31Z
1075,Oldham Athletic AFC,Oldham Athl,OLD,https://crests.football-data.org/1075.png,SportsDirect.com Park Oldham OL1 2PB,http://www.oldhamathletic.co.uk,1895.0,Blue / White,Boundary Park,2022-10-28T10:49:13Z
1076,Coventry City FC,Coventry City,COV,https://crests.football-data.org/1076.png,"Gallagher Retail Park, Stoney Stanton Road Coventry CV6 5QE",http://www.ccfc.co.uk,1883.0,Sky Blue / White,St Andrew's Trillion Trophy Stadium,2022-02-19T08:56:17Z
1077,Peterborough United FC,Peterborough,PET,https://crests.football-data.org/1077.png,London Road Peterborough PE2 8AL,http://www.theposh.com,1934.0,Blue / White,Weston Homes Stadium,2022-02-20T08:43:26Z
1078,Scunthorpe United FC,Scunthorpe Utd,SCU,https://crests.football-data.org/1078.png,"Glanford Park, Jack Brownsword Way Scunthorpe DN15 8TD",http://www.scunthorpe-united.co.uk,1899.0,Claret / Blue,Glanford Park,2023-07-04T11:01:36Z
